Training sample index;Branch count;Read accesses to global memory (per thread);Write accesses to global memory (per thread);Read accesses to local memory (per thread);Write accesses to local memory (per thread);Read accesses to constant memory (per thread);Arithmetic operations (per thread);Logic operations (per thread);Bitwise operations (per thread);Comparison operations (per thread);Pown operations (per thread);Sqrt operations (per thread);Hypot operations (per thread);Data size transf from host to device (bytes);Data size transf from device to host (bytes);Data size allocated locally (bytes);Global work size dim 1 (number of threads);Global work size dim 2 (number of threads);Global work size dim 3 (number of threads);Local work size dim 1 (number of threads);Local work size dim 2 (number of threads);Local work size dim 3 (number of threads);Loop iterations;Intra cache usage global;Inter cache usage global;Intra collision global;Intra cohaleshing global;Intra cache usage local;Intra collision local;Intra cohaleshing local;Cache Misses;GeForce GT 650M Completion Time (ms);      Intel(R) Core(TM) i7-3740QM CPU @ 2.70GHz Completion Time (ms)
0;0;2;1;0;0;0;1;0;0;0;0;0;0;2097152;1048576;0;262144;1;1;128;1;1;0;0,125;2;0;0,5;0;0;1;0;3,02;0,7
0;0;2;1;0;0;0;1;0;0;0;0;0;0;4194304;2097152;0;524288;1;1;128;1;1;0;0,125;2;0;0,5;0;0;1;0;3,99;0,95
0;0;2;1;0;0;0;1;0;0;0;0;0;0;6291456;3145728;0;786432;1;1;128;1;1;0;0,125;2;0;0,5;0;0;1;0;4,42;1,25
0;0;2;1;0;0;0;1;0;0;0;0;0;0;8388608;4194304;0;1048576;1;1;128;1;1;0;0,125;2;0;0,5;0;0;1;0;5,46;1,55
0;0;2;1;0;0;0;1;0;0;0;0;0;0;10485760;5242880;0;1310720;1;1;128;1;1;0;0,125;2;0;0,5;0;0;1;0;6,74;1,84
0;0;2;1;0;0;0;1;0;0;0;0;0;0;12582912;6291456;0;1572864;1;1;128;1;1;0;0,125;2;0;0,5;0;0;1;0;7,66;2,06
0;0;2;1;0;0;0;1;0;0;0;0;0;0;14680064;7340032;0;1835008;1;1;128;1;1;0;0,125;2;0;0,5;0;0;1;0;8,54;2,24
0;0;2;1;0;0;0;1;0;0;0;0;0;0;16777216;8388608;0;2097152;1;1;128;1;1;0;0,125;2;0;0,5;0;0;1;0;9,43;2,47
0;0;2;1;0;0;0;1;0;0;0;0;0;0;18874368;9437184;0;2359296;1;1;128;1;1;0;0,125;2;0;0,5;0;0;1;0;10,46;2,67
0;0;2;1;0;0;0;1;0;0;0;0;0;0;20971520;10485760;0;2621440;1;1;128;1;1;0;0,125;2;0;0,5;0;0;1;0;10,9;2,87
0;0;2;1;0;0;0;1;0;0;0;0;0;0;23068672;11534336;0;2883584;1;1;128;1;1;0;0,125;2;0;0,5;0;0;1;0;12,42;3,05
0;0;2;1;0;0;0;1;0;0;0;0;0;0;25165824;12582912;0;3145728;1;1;128;1;1;0;0,125;2;0;0,5;0;0;1;0;12,72;3,28
0;0;2;1;0;0;0;1;0;0;0;0;0;0;27262976;13631488;0;3407872;1;1;128;1;1;0;0,125;2;0;0,5;0;0;1;0;13,88;3,49
0;0;2;1;0;0;0;1;0;0;0;0;0;0;29360128;14680064;0;3670016;1;1;128;1;1;0;0,125;2;0;0,5;0;0;1;0;14,62;3,71
0;0;2;1;0;0;0;1;0;0;0;0;0;0;31457280;15728640;0;3932160;1;1;128;1;1;0;0,125;2;0;0,5;0;0;1;0;15,63;3,91
0;0;2;1;0;0;0;1;0;0;0;0;0;0;33554432;16777216;0;4194304;1;1;128;1;1;0;0,125;2;0;0,5;0;0;1;0;16,4;4,09
0;0;2;1;0;0;0;1;0;0;0;0;0;0;35651584;17825792;0;4456448;1;1;128;1;1;0;0,125;2;0;0,5;0;0;1;0;16,99;4,31
0;0;2;1;0;0;0;1;0;0;0;0;0;0;37748736;18874368;0;4718592;1;1;128;1;1;0;0,125;2;0;0,5;0;0;1;0;18,15;4,52
0;0;2;1;0;0;0;1;0;0;0;0;0;0;39845888;19922944;0;4980736;1;1;128;1;1;0;0,125;2;0;0,5;0;0;1;0;19,02;4,73
0;0;2;1;0;0;0;1;0;0;0;0;0;0;41943040;20971520;0;5242880;1;1;128;1;1;0;0,125;2;0;0,5;0;0;1;0;19,61;4,89
0;0;2;1;0;0;0;1;0;0;0;0;0;0;44040192;22020096;0;5505024;1;1;128;1;1;0;0,125;2;0;0,5;0;0;1;0;20,76;5,09
0;0;2;1;0;0;0;1;0;0;0;0;0;0;46137344;23068672;0;5767168;1;1;128;1;1;0;0,125;2;0;0,5;0;0;1;0;21,28;5,33
0;0;2;1;0;0;0;1;0;0;0;0;0;0;48234496;24117248;0;6029312;1;1;128;1;1;0;0,125;2;0;0,5;0;0;1;0;22,27;5,49
0;0;2;1;0;0;0;1;0;0;0;0;0;0;50331648;25165824;0;6291456;1;1;128;1;1;0;0,125;2;0;0,5;0;0;1;0;22,86;5,74
0;0;2;1;0;0;0;1;0;0;0;0;0;0;52428800;26214400;0;6553600;1;1;128;1;1;0;0,125;2;0;0,5;0;0;1;0;23,96;5,99
0;0;2;1;0;0;0;1;0;0;0;0;0;0;54525952;27262976;0;6815744;1;1;128;1;1;0;0,125;2;0;0,5;0;0;1;0;25,08;6,11
0;0;2;1;0;0;0;1;0;0;0;0;0;0;56623104;28311552;0;7077888;1;1;128;1;1;0;0,125;2;0;0,5;0;0;1;0;25,78;6,42
0;0;2;1;0;0;0;1;0;0;0;0;0;0;58720256;29360128;0;7340032;1;1;128;1;1;0;0,125;2;0;0,5;0;0;1;0;26,98;6,49
0;0;2;1;0;0;0;1;0;0;0;0;0;0;60817408;30408704;0;7602176;1;1;128;1;1;0;0,125;2;0;0,5;0;0;1;0;27,65;6,75
0;0;2;1;0;0;0;1;0;0;0;0;0;0;62914560;31457280;0;7864320;1;1;128;1;1;0;0,125;2;0;0,5;0;0;1;0;28,66;6,96
0;0;2;1;0;0;0;1;0;0;0;0;0;0;65011712;32505856;0;8126464;1;1;128;1;1;0;0,125;2;0;0,5;0;0;1;0;30,17;7,2
0;0;2;1;0;0;0;1;0;0;0;0;0;0;67108864;33554432;0;8388608;1;1;128;1;1;0;0,125;2;0;0,5;0;0;1;0;30,09;7,49
0;0;2;1;0;0;0;1;0;0;0;0;0;0;69206016;34603008;0;8650752;1;1;128;1;1;0;0,125;2;0;0,5;0;0;1;0;32,01;7,59
0;0;2;1;0;0;0;1;0;0;0;0;0;0;71303168;35651584;0;8912896;1;1;128;1;1;0;0,125;2;0;0,5;0;0;1;0;32,76;7,81
0;0;2;1;0;0;0;1;0;0;0;0;0;0;73400320;36700160;0;9175040;1;1;128;1;1;0;0,125;2;0;0,5;0;0;1;0;33,85;8,22
0;0;2;1;0;0;0;1;0;0;0;0;0;0;75497472;37748736;0;9437184;1;1;128;1;1;0;0,125;2;0;0,5;0;0;1;0;34,42;8,26
0;0;2;1;0;0;0;1;0;0;0;0;0;0;77594624;38797312;0;9699328;1;1;128;1;1;0;0,125;2;0;0,5;0;0;1;0;35,3;8,52
0;0;2;1;0;0;0;1;0;0;0;0;0;0;79691776;39845888;0;9961472;1;1;128;1;1;0;0,125;2;0;0,5;0;0;1;0;36,17;8,58
0;0;2;1;0;0;0;1;0;0;0;0;0;0;81788928;40894464;0;10223616;1;1;128;1;1;0;0,125;2;0;0,5;0;0;1;0;37,57;8,86
0;0;2;1;0;0;0;1;0;0;0;0;0;0;83886080;41943040;0;10485760;1;1;128;1;1;0;0,125;2;0;0,5;0;0;1;0;38,1;9,07
0;0;2;1;0;0;0;1;0;0;0;0;0;0;85983232;42991616;0;10747904;1;1;128;1;1;0;0,125;2;0;0,5;0;0;1;0;39,28;9,29
0;0;2;1;0;0;0;1;0;0;0;0;0;0;88080384;44040192;0;11010048;1;1;128;1;1;0;0,125;2;0;0,5;0;0;1;0;39,94;9,5
0;0;2;1;0;0;0;1;0;0;0;0;0;0;90177536;45088768;0;11272192;1;1;128;1;1;0;0,125;2;0;0,5;0;0;1;0;40,96;9,8
0;0;2;1;0;0;0;1;0;0;0;0;0;0;92274688;46137344;0;11534336;1;1;128;1;1;0;0,125;2;0;0,5;0;0;1;0;41,87;9,86
0;0;2;1;0;0;0;1;0;0;0;0;0;0;94371840;47185920;0;11796480;1;1;128;1;1;0;0,125;2;0;0,5;0;0;1;0;42,74;10,23
0;0;2;1;0;0;0;1;0;0;0;0;0;0;96468992;48234496;0;12058624;1;1;128;1;1;0;0,125;2;0;0,5;0;0;1;0;43,46;10,33
0;0;2;1;0;0;0;1;0;0;0;0;0;0;98566144;49283072;0;12320768;1;1;128;1;1;0;0,125;2;0;0,5;0;0;1;0;44,71;10,56
0;0;2;1;0;0;0;1;0;0;0;0;0;0;100663296;50331648;0;12582912;1;1;128;1;1;0;0,125;2;0;0,5;0;0;1;0;45,18;10,77
0;0;2;1;0;0;0;1;0;0;0;0;0;0;102760448;51380224;0;12845056;1;1;128;1;1;0;0,125;2;0;0,5;0;0;1;0;46,74;10,87
0;0;2;1;0;0;0;1;0;0;0;0;0;0;104857600;52428800;0;13107200;1;1;128;1;1;0;0,125;2;0;0,5;0;0;1;0;46,76;11,25
0;0;2;1;0;0;0;1;0;0;0;0;0;0;106954752;53477376;0;13369344;1;1;128;1;1;0;0,125;2;0;0,5;0;0;1;0;48,32;11,44
0;0;2;1;0;0;0;1;0;0;0;0;0;0;109051904;54525952;0;13631488;1;1;128;1;1;0;0,125;2;0;0,5;0;0;1;0;48,53;11,62
0;0;2;1;0;0;0;1;0;0;0;0;0;0;111149056;55574528;0;13893632;1;1;128;1;1;0;0,125;2;0;0,5;0;0;1;0;50,09;11,72
0;0;2;1;0;0;0;1;0;0;0;0;0;0;113246208;56623104;0;14155776;1;1;128;1;1;0;0,125;2;0;0,5;0;0;1;0;67,92;13,03
0;0;2;1;0;0;0;1;0;0;0;0;0;0;115343360;57671680;0;14417920;1;1;128;1;1;0;0,125;2;0;0,5;0;0;1;0;61,43;13,26
0;0;2;1;0;0;0;1;0;0;0;0;0;0;117440512;58720256;0;14680064;1;1;128;1;1;0;0,125;2;0;0,5;0;0;1;0;56,42;13,11
0;0;2;1;0;0;0;1;0;0;0;0;0;0;119537664;59768832;0;14942208;1;1;128;1;1;0;0,125;2;0;0,5;0;0;1;0;57,95;13,51
0;0;2;1;0;0;0;1;0;0;0;0;0;0;121634816;60817408;0;15204352;1;1;128;1;1;0;0,125;2;0;0,5;0;0;1;0;59,74;13,58
0;0;2;1;0;0;0;1;0;0;0;0;0;0;123731968;61865984;0;15466496;1;1;128;1;1;0;0,125;2;0;0,5;0;0;1;0;58,88;15,52
0;0;2;1;0;0;0;1;0;0;0;0;0;0;125829120;62914560;0;15728640;1;1;128;1;1;0;0,125;2;0;0,5;0;0;1;0;65,99;14,23
0;0;2;1;0;0;0;1;0;0;0;0;0;0;127926272;63963136;0;15990784;1;1;128;1;1;0;0,125;2;0;0,5;0;0;1;0;65,88;14,61
0;0;2;1;0;0;0;1;0;0;0;0;0;0;130023424;65011712;0;16252928;1;1;128;1;1;0;0,125;2;0;0,5;0;0;1;0;67,28;14,73
0;0;2;1;0;0;0;1;0;0;0;0;0;0;132120576;66060288;0;16515072;1;1;128;1;1;0;0,125;2;0;0,5;0;0;1;0;71,31;14,83
0;0;2;1;0;0;0;1;0;0;0;0;0;0;134217728;67108864;0;16777216;1;1;128;1;1;0;0,125;2;0;0,5;0;0;1;0;65,27;14,41
Training sample index;Branch count;Read accesses to global memory (per thread);Write accesses to global memory (per thread);Read accesses to local memory (per thread);Write accesses to local memory (per thread);Read accesses to constant memory (per thread);Arithmetic operations (per thread);Logic operations (per thread);Bitwise operations (per thread);Comparison operations (per thread);Pown operations (per thread);Sqrt operations (per thread);Hypot operations (per thread);Data size transf from host to device (bytes);Data size transf from device to host (bytes);Data size allocated locally (bytes);Global work size dim 1 (number of threads);Global work size dim 2 (number of threads);Global work size dim 3 (number of threads);Local work size dim 1 (number of threads);Local work size dim 2 (number of threads);Local work size dim 3 (number of threads);Loop iterations;Intra cache usage global;Inter cache usage global;Intra collision global;Intra cohaleshing global;Intra cache usage local;Intra collision local;Intra cohaleshing local;Cache Misses;GeForce GT 650M Completion Time (ms);      Intel(R) Core(TM) i7-3740QM CPU @ 2.70GHz Completion Time (ms)
1;1;64;1;0;0;0;128;0;0;1;0;0;0;16384;256;0;64;1;1;64;1;1;64;0,0625;1;0;1;0;0;1;63;1,21;0,59
1;1;128;1;0;0;0;256;0;0;1;0;0;0;65536;512;0;128;1;1;64;1;1;128;0,0625;1;0;1;0;0;1;127;0,93;0,62
1;1;192;1;0;0;0;384;0;0;1;0;0;0;147456;768;0;192;1;1;64;1;1;192;0,0625;1;0;1;0;0;1;191;0,93;0,65
1;1;256;1;0;0;0;512;0;0;1;0;0;0;262144;1024;0;256;1;1;64;1;1;256;0,0625;1;0;1;0;0;1;255;1,32;0,62
1;1;320;1;0;0;0;640;0;0;1;0;0;0;409600;1280;0;320;1;1;64;1;1;320;0,0625;1;0;1;0;0;1;319;1,11;0,66
1;1;384;1;0;0;0;768;0;0;1;0;0;0;589824;1536;0;384;1;1;64;1;1;384;0,0625;1;0;1;0;0;1;383;1,39;0,71
1;1;448;1;0;0;0;896;0;0;1;0;0;0;802816;1792;0;448;1;1;64;1;1;448;0,0625;1;0;1;0;0;1;447;1,91;0,85
1;1;512;1;0;0;0;1024;0;0;1;0;0;0;1048576;2048;0;512;1;1;64;1;1;512;0,0625;1;0;1;0;0;1;511;2,53;1,06
1;1;576;1;0;0;0;1152;0;0;1;0;0;0;1327104;2304;0;576;1;1;64;1;1;576;0,0625;1;0;1;0;0;1;575;1,7;0,86
1;1;640;1;0;0;0;1280;0;0;1;0;0;0;1638400;2560;0;640;1;1;64;1;1;640;0,0625;1;0;1;0;0;1;639;2,1;0,75
1;1;704;1;0;0;0;1408;0;0;1;0;0;0;1982464;2816;0;704;1;1;64;1;1;704;0,0625;1;0;1;0;0;1;703;2,02;0,8
1;1;768;1;0;0;0;1536;0;0;1;0;0;0;2359296;3072;0;768;1;1;64;1;1;768;0,0625;1;0;1;0;0;1;767;2,61;1,05
1;1;832;1;0;0;0;1664;0;0;1;0;0;0;2768896;3328;0;832;1;1;64;1;1;832;0,0625;1;0;1;0;0;1;831;2,34;1,08
1;1;896;1;0;0;0;1792;0;0;1;0;0;0;3211264;3584;0;896;1;1;64;1;1;896;0,0625;1;0;1;0;0;1;895;2,44;1,21
1;1;960;1;0;0;0;1920;0;0;1;0;0;0;3686400;3840;0;960;1;1;64;1;1;960;0,0625;1;0;1;0;0;1;959;3,2;1,43
1;1;1024;1;0;0;0;2048;0;0;1;0;0;0;4194304;4096;0;1024;1;1;64;1;1;1024;0,0625;1;0;1;0;0;1;1023;2,74;1,48
1;1;1088;1;0;0;0;2176;0;0;1;0;0;0;4734976;4352;0;1088;1;1;64;1;1;1088;0,0625;1;0;1;0;0;1;1087;3,61;1,59
1;1;1152;1;0;0;0;2304;0;0;1;0;0;0;5308416;4608;0;1152;1;1;64;1;1;1152;0,0625;1;0;1;0;0;1;1151;3,68;1,71
1;1;1216;1;0;0;0;2432;0;0;1;0;0;0;5914624;4864;0;1216;1;1;64;1;1;1216;0,0625;1;0;1;0;0;1;1215;3,15;1,82
1;1;1280;1;0;0;0;2560;0;0;1;0;0;0;6553600;5120;0;1280;1;1;64;1;1;1280;0,0625;1;0;1;0;0;1;1279;3,74;1,92
1;1;1344;1;0;0;0;2688;0;0;1;0;0;0;7225344;5376;0;1344;1;1;64;1;1;1344;0,0625;1;0;1;0;0;1;1343;3,83;2,49
1;1;1408;1;0;0;0;2816;0;0;1;0;0;0;7929856;5632;0;1408;1;1;64;1;1;1408;0,0625;1;0;1;0;0;1;1407;4,3;2,12
1;1;1472;1;0;0;0;2944;0;0;1;0;0;0;8667136;5888;0;1472;1;1;64;1;1;1472;0,0625;1;0;1;0;0;1;1471;4,57;2,18
1;1;1536;1;0;0;0;3072;0;0;1;0;0;0;9437184;6144;0;1536;1;1;64;1;1;1536;0,0625;1;0;1;0;0;1;1535;4,7;2,59
1;1;1600;1;0;0;0;3200;0;0;1;0;0;0;10240000;6400;0;1600;1;1;64;1;1;1600;0,0625;1;0;1;0;0;1;1599;5,05;2,47
1;1;1664;1;0;0;0;3328;0;0;1;0;0;0;11075584;6656;0;1664;1;1;64;1;1;1664;0,0625;1;0;1;0;0;1;1663;5,45;2,58
1;1;1728;1;0;0;0;3456;0;0;1;0;0;0;11943936;6912;0;1728;1;1;64;1;1;1728;0,0625;1;0;1;0;0;1;1727;5,53;2,75
1;1;1792;1;0;0;0;3584;0;0;1;0;0;0;12845056;7168;0;1792;1;1;64;1;1;1792;0,0625;1;0;1;0;0;1;1791;5,87;2,81
1;1;1856;1;0;0;0;3712;0;0;1;0;0;0;13778944;7424;0;1856;1;1;64;1;1;1856;0,0625;1;0;1;0;0;1;1855;5,61;2,96
1;1;1920;1;0;0;0;3840;0;0;1;0;0;0;14745600;7680;0;1920;1;1;64;1;1;1920;0,0625;1;0;1;0;0;1;1919;6,69;3,04
1;1;1984;1;0;0;0;3968;0;0;1;0;0;0;15745024;7936;0;1984;1;1;64;1;1;1984;0,0625;1;0;1;0;0;1;1983;6,74;3,15
1;1;2048;1;0;0;0;4096;0;0;1;0;0;0;16777216;8192;0;2048;1;1;64;1;1;2048;0,0625;1;0;1;0;0;1;2047;6,53;4,58
Training sample index;Branch count;Read accesses to global memory (per thread);Write accesses to global memory (per thread);Read accesses to local memory (per thread);Write accesses to local memory (per thread);Read accesses to constant memory (per thread);Arithmetic operations (per thread);Logic operations (per thread);Bitwise operations (per thread);Comparison operations (per thread);Pown operations (per thread);Sqrt operations (per thread);Hypot operations (per thread);Data size transf from host to device (bytes);Data size transf from device to host (bytes);Data size allocated locally (bytes);Global work size dim 1 (number of threads);Global work size dim 2 (number of threads);Global work size dim 3 (number of threads);Local work size dim 1 (number of threads);Local work size dim 2 (number of threads);Local work size dim 3 (number of threads);Loop iterations;Intra cache usage global;Inter cache usage global;Intra collision global;Intra cohaleshing global;Intra cache usage local;Intra collision local;Intra cohaleshing local;Cache Misses;GeForce GT 650M Completion Time (ms);      Intel(R) Core(TM) i7-3740QM CPU @ 2.70GHz Completion Time (ms)
2;1;64;1;0;0;0;128;0;0;1;0;0;0;16384;256;0;64;1;1;64;1;1;64;1;1;0;0;0;0;1;0;1,03;0,55
2;1;128;1;0;0;0;256;0;0;1;0;0;0;65536;512;0;128;1;1;64;1;1;128;1;1;0;0;0;0;1;0;0,79;0,54
2;1;192;1;0;0;0;384;0;0;1;0;0;0;147456;768;0;192;1;1;64;1;1;192;1;1;0;0;0;0;1;0;0,86;0,56
2;1;256;1;0;0;0;512;0;0;1;0;0;0;262144;1024;0;256;1;1;64;1;1;256;1;1;0;0;0;0;1;0;1,26;0,57
2;1;320;1;0;0;0;640;0;0;1;0;0;0;409600;1280;0;320;1;1;64;1;1;320;1;1;0;0;0;0;1;0;1,03;0,58
2;1;384;1;0;0;0;768;0;0;1;0;0;0;589824;1536;0;384;1;1;64;1;1;384;1;1;0;0;0;0;1;0;1,33;0,58
2;1;448;1;0;0;0;896;0;0;1;0;0;0;802816;1792;0;448;1;1;64;1;1;448;1;1;0;0;0;0;1;0;1,52;0,59
2;1;512;1;0;0;0;1024;0;0;1;0;0;0;1048576;2048;0;512;1;1;64;1;1;512;1;1;0;0;0;0;1;0;1,75;0,58
2;1;576;1;0;0;0;1152;0;0;1;0;0;0;1327104;2304;0;576;1;1;64;1;1;576;1;1;0;0;0;0;1;0;1,98;0,61
2;1;640;1;0;0;0;1280;0;0;1;0;0;0;1638400;2560;0;640;1;1;64;1;1;640;1;1;0;0;0;0;1;0;2,26;0,66
2;1;704;1;0;0;0;1408;0;0;1;0;0;0;1982464;2816;0;704;1;1;64;1;1;704;1;1;0;0;0;0;1;0;2,36;0,63
2;1;768;1;0;0;0;1536;0;0;1;0;0;0;2359296;3072;0;768;1;1;64;1;1;768;1;1;0;0;0;0;1;0;3,05;0,69
2;1;832;1;0;0;0;1664;0;0;1;0;0;0;2768896;3328;0;832;1;1;64;1;1;832;1;1;0;0;0;0;1;0;2,85;0,7
2;1;896;1;0;0;0;1792;0;0;1;0;0;0;3211264;3584;0;896;1;1;64;1;1;896;1;1;0;0;0;0;1;0;3,67;0,74
2;1;960;1;0;0;0;1920;0;0;1;0;0;0;3686400;3840;0;960;1;1;64;1;1;960;1;1;0;0;0;0;1;0;3,46;0,73
2;1;1024;1;0;0;0;2048;0;0;1;0;0;0;4194304;4096;0;1024;1;1;64;1;1;1024;1;1;0;0;0;0;1;0;3,69;0,78
2;1;1088;1;0;0;0;2176;0;0;1;0;0;0;4734976;4352;0;1088;1;1;64;1;1;1088;1;1;0;0;0;0;1;0;4,78;0,81
2;1;1152;1;0;0;0;2304;0;0;1;0;0;0;5308416;4608;0;1152;1;1;64;1;1;1152;1;1;0;0;0;0;1;0;4,86;0,85
2;1;1216;1;0;0;0;2432;0;0;1;0;0;0;5914624;4864;0;1216;1;1;64;1;1;1216;1;1;0;0;0;0;1;0;4,69;0,9
2;1;1280;1;0;0;0;2560;0;0;1;0;0;0;6553600;5120;0;1280;1;1;64;1;1;1280;1;1;0;0;0;0;1;0;5,02;0,93
2;1;1344;1;0;0;0;2688;0;0;1;0;0;0;7225344;5376;0;1344;1;1;64;1;1;1344;1;1;0;0;0;0;1;0;6,04;1
2;1;1408;1;0;0;0;2816;0;0;1;0;0;0;7929856;5632;0;1408;1;1;64;1;1;1408;1;1;0;0;0;0;1;0;6,26;1
2;1;1472;1;0;0;0;2944;0;0;1;0;0;0;8667136;5888;0;1472;1;1;64;1;1;1472;1;1;0;0;0;0;1;0;6,75;1,09
2;1;1536;1;0;0;0;3072;0;0;1;0;0;0;9437184;6144;0;1536;1;1;64;1;1;1536;1;1;0;0;0;0;1;0;7,89;1,14
2;1;1600;1;0;0;0;3200;0;0;1;0;0;0;10240000;6400;0;1600;1;1;64;1;1;1600;1;1;0;0;0;0;1;0;7,6;1,18
2;1;1664;1;0;0;0;3328;0;0;1;0;0;0;11075584;6656;0;1664;1;1;64;1;1;1664;1;1;0;0;0;0;1;0;8,03;1,26
2;1;1728;1;0;0;0;3456;0;0;1;0;0;0;11943936;6912;0;1728;1;1;64;1;1;1728;1;1;0;0;0;0;1;0;8,55;1,29
2;1;1792;1;0;0;0;3584;0;0;1;0;0;0;12845056;7168;0;1792;1;1;64;1;1;1792;1;1;0;0;0;0;1;0;9,06;1,4
2;1;1856;1;0;0;0;3712;0;0;1;0;0;0;13778944;7424;0;1856;1;1;64;1;1;1856;1;1;0;0;0;0;1;0;10,01;1,41
2;1;1920;1;0;0;0;3840;0;0;1;0;0;0;14745600;7680;0;1920;1;1;64;1;1;1920;1;1;0;0;0;0;1;0;10,83;1,48
2;1;1984;1;0;0;0;3968;0;0;1;0;0;0;15745024;7936;0;1984;1;1;64;1;1;1984;1;1;0;0;0;0;1;0;10,89;1,58
2;1;2048;1;0;0;0;4096;0;0;1;0;0;0;16777216;8192;0;2048;1;1;64;1;1;2048;1;1;0;0;0;0;1;0;11,26;1,68
Training sample index;Branch count;Read accesses to global memory (per thread);Write accesses to global memory (per thread);Read accesses to local memory (per thread);Write accesses to local memory (per thread);Read accesses to constant memory (per thread);Arithmetic operations (per thread);Logic operations (per thread);Bitwise operations (per thread);Comparison operations (per thread);Pown operations (per thread);Sqrt operations (per thread);Hypot operations (per thread);Data size transf from host to device (bytes);Data size transf from device to host (bytes);Data size allocated locally (bytes);Global work size dim 1 (number of threads);Global work size dim 2 (number of threads);Global work size dim 3 (number of threads);Local work size dim 1 (number of threads);Local work size dim 2 (number of threads);Local work size dim 3 (number of threads);Loop iterations;Intra cache usage global;Inter cache usage global;Intra collision global;Intra cohaleshing global;Intra cache usage local;Intra collision local;Intra cohaleshing local;Cache Misses;GeForce GT 650M Completion Time (ms);      Intel(R) Core(TM) i7-3740QM CPU @ 2.70GHz Completion Time (ms)
3;0;128;1;0;0;0;248;0;0;0;0;0;0;32768;16384;0;64;64;1;16;16;1;8;0,53125;4;15;0,0625;0;0;1;63;1,3;0,8
3;0;256;1;0;0;0;496;0;0;0;0;0;0;131072;65536;0;128;128;1;16;16;1;16;0,53125;2;15;0,0625;0;0;1;127;1,7;1,1
3;0;384;1;0;0;0;744;0;0;0;0;0;0;294912;147456;0;192;192;1;16;16;1;24;0,53125;1,333333;15;0,0625;0;0;1;191;2,6;1,3
3;0;512;1;0;0;0;992;0;0;0;0;0;0;524288;262144;0;256;256;1;16;16;1;32;0,53125;1;15;0,0625;0;0;1;255;4;2,2
3;0;640;1;0;0;0;1240;0;0;0;0;0;0;819200;409600;0;320;320;1;16;16;1;40;0,53125;0,8000001;15;0,0625;0;0;1;319;6,3;2,9
3;0;768;1;0;0;0;1488;0;0;0;0;0;0;1179648;589824;0;384;384;1;16;16;1;48;0,53125;0,6666667;15;0,0625;0;0;1;383;10,6;4,6
3;0;896;1;0;0;0;1736;0;0;0;0;0;0;1605632;802816;0;448;448;1;16;16;1;56;0,53125;0,5714286;15;0,0625;0;0;1;447;15,3;6,6
3;0;1024;1;0;0;0;1984;0;0;0;0;0;0;2097152;1048576;0;512;512;1;16;16;1;64;0,53125;0,5;15;0,0625;0;0;1;511;20,2;12,9
3;0;1152;1;0;0;0;2232;0;0;0;0;0;0;2654208;1327104;0;576;576;1;16;16;1;72;0,53125;0,4444445;15;0,0625;0;0;1;575;26,8;27,9
3;0;1280;1;0;0;0;2480;0;0;0;0;0;0;3276800;1638400;0;640;640;1;16;16;1;80;0,53125;0,4000001;15;0,0625;0;0;1;639;35,2;68,4
3;0;1408;1;0;0;0;2728;0;0;0;0;0;0;3964928;1982464;0;704;704;1;16;16;1;88;0,53125;0,3636364;15;0,0625;0;0;1;703;46;94,4
3;0;1536;1;0;0;0;2976;0;0;0;0;0;0;4718592;2359296;0;768;768;1;16;16;1;96;0,53125;0,3333333;15;0,0625;0;0;1;767;58,9;147,6
3;0;1664;1;0;0;0;3224;0;0;0;0;0;0;5537792;2768896;0;832;832;1;16;16;1;104;0,53125;0,3076923;15;0,0625;0;0;1;831;73,9;205
3;0;1792;1;0;0;0;3472;0;0;0;0;0;0;6422528;3211264;0;896;896;1;16;16;1;112;0,53125;0,2857143;15;0,0625;0;0;1;895;91,3;297
3;0;1920;1;0;0;0;3720;0;0;0;0;0;0;7372800;3686400;0;960;960;1;16;16;1;120;0,53125;0,2666667;15;0,0625;0;0;1;959;112,1;418
3;0;2048;1;0;0;0;3968;0;0;0;0;0;0;8388608;4194304;0;1024;1024;1;16;16;1;128;0,53125;0,25;15;0,0625;0;0;1;1023;135,3;550
3;0;2176;1;0;0;0;4216;0;0;0;0;0;0;9469952;4734976;0;1088;1088;1;16;16;1;136;0,53125;0,2352941;15;0,0625;0;0;1;1087;161,6;651,3
3;0;2304;1;0;0;0;4464;0;0;0;0;0;0;10616832;5308416;0;1152;1152;1;16;16;1;144;0,53125;0,2222223;15;0,0625;0;0;1;1151;190;812,2
3;0;2432;1;0;0;0;4712;0;0;0;0;0;0;11829248;5914624;0;1216;1216;1;16;16;1;152;0,53125;0,2105263;15;0,0625;0;0;1;1215;221,1;961,9
3;0;2560;1;0;0;0;4960;0;0;0;0;0;0;13107200;6553600;0;1280;1280;1;16;16;1;160;0,53125;0,2;15;0,0625;0;0;1;1279;257,7;1052,8
3;0;2688;1;0;0;0;5208;0;0;0;0;0;0;14450688;7225344;0;1344;1344;1;16;16;1;168;0,53125;0,1904762;15;0,0625;0;0;1;1343;297,6;1336,2
3;0;2816;1;0;0;0;5456;0;0;0;0;0;0;15859712;7929856;0;1408;1408;1;16;16;1;176;0,53125;0,1818182;15;0,0625;0;0;1;1407;339,8;1500,3
3;0;2944;1;0;0;0;5704;0;0;0;0;0;0;17334272;8667136;0;1472;1472;1;16;16;1;184;0,53125;0,173913;15;0,0625;0;0;1;1471;385,1;1759,5
3;0;3072;1;0;0;0;5952;0;0;0;0;0;0;18874368;9437184;0;1536;1536;1;16;16;1;192;0,53125;0,1666667;15;0,0625;0;0;1;1535;437;1894,2
3;0;3200;1;0;0;0;6200;0;0;0;0;0;0;20480000;10240000;0;1600;1600;1;16;16;1;200;0,53125;0,16;15;0,0625;0;0;1;1599;485,9;2251,2
3;0;3328;1;0;0;0;6448;0;0;0;0;0;0;22151168;11075584;0;1664;1664;1;16;16;1;208;0,53125;0,1538462;15;0,0625;0;0;1;1663;546,6;2464,3
3;0;3456;1;0;0;0;6696;0;0;0;0;0;0;23887872;11943936;0;1728;1728;1;16;16;1;216;0,53125;0,1481481;15;0,0625;0;0;1;1727;612,7;2811,7
3;0;3584;1;0;0;0;6944;0;0;0;0;0;0;25690112;12845056;0;1792;1792;1;16;16;1;224;0,53125;0,1428571;15;0,0625;0;0;1;1791;679,9;3084,9
3;0;3712;1;0;0;0;7192;0;0;0;0;0;0;27557888;13778944;0;1856;1856;1;16;16;1;232;0,53125;0,137931;15;0,0625;0;0;1;1855;753,5;3532,9
3;0;3840;1;0;0;0;7440;0;0;0;0;0;0;29491200;14745600;0;1920;1920;1;16;16;1;240;0,53125;0,1333333;15;0,0625;0;0;1;1919;831,4;3844
3;0;3968;1;0;0;0;7688;0;0;0;0;0;0;31490048;15745024;0;1984;1984;1;16;16;1;248;0,53125;0,1290323;15;0,0625;0;0;1;1983;914,1;4334,2
3;0;4096;1;0;0;0;7936;0;0;0;0;0;0;33554432;16777216;0;2048;2048;1;16;16;1;256;0,53125;0,125;15;0,0625;0;0;1;2047;1992,8;6844,9
Training sample index;Branch count;Read accesses to global memory (per thread);Write accesses to global memory (per thread);Read accesses to local memory (per thread);Write accesses to local memory (per thread);Read accesses to constant memory (per thread);Arithmetic operations (per thread);Logic operations (per thread);Bitwise operations (per thread);Comparison operations (per thread);Pown operations (per thread);Sqrt operations (per thread);Hypot operations (per thread);Data size transf from host to device (bytes);Data size transf from device to host (bytes);Data size allocated locally (bytes);Global work size dim 1 (number of threads);Global work size dim 2 (number of threads);Global work size dim 3 (number of threads);Local work size dim 1 (number of threads);Local work size dim 2 (number of threads);Local work size dim 3 (number of threads);Loop iterations;Intra cache usage global;Inter cache usage global;Intra collision global;Intra cohaleshing global;Intra cache usage local;Intra collision local;Intra cohaleshing local;Cache Misses;GeForce GT 650M Completion Time (ms);      Intel(R) Core(TM) i7-3740QM CPU @ 2.70GHz Completion Time (ms)
4;0;8;1;128;8;0;233;0;0;0;0;0;0;32768;16384;2048;64;64;1;16;16;1;64;0,125;0,125;0;0,5;0;0;1;15;2,1;1,6
4;0;16;1;256;16;0;453;0;0;0;0;0;0;131072;65536;2048;128;128;1;16;16;1;128;0,125;0,03125;0;0,5;0;0;1;15;1,9;3,8
4;0;24;1;384;24;0;673;0;0;0;0;0;0;294912;147456;2048;192;192;1;16;16;1;192;0,125;0,01388889;0;0,5;0;0;1;15;2,6;3,1
4;0;32;1;512;32;0;893;0;0;0;0;0;0;524288;262144;2048;256;256;1;16;16;1;256;0,125;0,0078125;0;0,5;0;0;1;15;3,1;4,6
4;0;40;1;640;40;0;1113;0;0;0;0;0;0;819200;409600;2048;320;320;1;16;16;1;320;0,125;0,005;0;0,5;0;0;1;15;4,2;4,4
4;0;48;1;768;48;0;1333;0;0;0;0;0;0;1179648;589824;2048;384;384;1;16;16;1;384;0,125;0,003472222;0;0,5;0;0;1;15;5,9;6,2
4;0;56;1;896;56;0;1553;0;0;0;0;0;0;1605632;802816;2048;448;448;1;16;16;1;448;0,125;0,002551021;0;0,5;0;0;1;15;7,7;6,9
4;0;64;1;1024;64;0;1773;0;0;0;0;0;0;2097152;1048576;2048;512;512;1;16;16;1;512;0,125;0,001953125;0;0,5;0;0;1;15;10,4;8,2
4;0;72;1;1152;72;0;1993;0;0;0;0;0;0;2654208;1327104;2048;576;576;1;16;16;1;576;0,125;0,00154321;0;0,5;0;0;1;15;13,7;11
4;0;80;1;1280;80;0;2213;0;0;0;0;0;0;3276800;1638400;2048;640;640;1;16;16;1;640;0,125;0,00125;0;0,5;0;0;1;15;16,9;13,5
4;0;88;1;1408;88;0;2433;0;0;0;0;0;0;3964928;1982464;2048;704;704;1;16;16;1;704;0,125;0,001033058;0;0,5;0;0;1;15;21,8;16,7
4;0;96;1;1536;96;0;2653;0;0;0;0;0;0;4718592;2359296;2048;768;768;1;16;16;1;768;0,125;0,0008680556;0;0,5;0;0;1;15;26,4;21,3
4;0;104;1;1664;104;0;2873;0;0;0;0;0;0;5537792;2768896;2048;832;832;1;16;16;1;832;0,125;0,000739645;0;0,5;0;0;1;15;30,8;27,4
4;0;112;1;1792;112;0;3093;0;0;0;0;0;0;6422528;3211264;2048;896;896;1;16;16;1;896;0,125;0,0006377551;0;0,5;0;0;1;15;37;33,9
4;0;120;1;1920;120;0;3313;0;0;0;0;0;0;7372800;3686400;2048;960;960;1;16;16;1;960;0,125;0,0005555556;0;0,5;0;0;1;15;43,3;41,3
4;0;128;1;2048;128;0;3533;0;0;0;0;0;0;8388608;4194304;2048;1024;1024;1;16;16;1;1024;0,125;0,0004882813;0;0,5;0;0;1;15;51,5;55,4
4;0;136;1;2176;136;0;3753;0;0;0;0;0;0;9469952;4734976;2048;1088;1088;1;16;16;1;1088;0,125;0,000432526;0;0,5;0;0;1;15;60,9;60
4;0;144;1;2304;144;0;3973;0;0;0;0;0;0;10616832;5308416;2048;1152;1152;1;16;16;1;1152;0,125;0,0003858025;0;0,5;0;0;1;15;71,8;72,9
4;0;152;1;2432;152;0;4193;0;0;0;0;0;0;11829248;5914624;2048;1216;1216;1;16;16;1;1216;0,125;0,0003462604;0;0,5;0;0;1;15;83,4;88,5
4;0;160;1;2560;160;0;4413;0;0;0;0;0;0;13107200;6553600;2048;1280;1280;1;16;16;1;1280;0,125;0,0003125;0;0,5;0;0;1;15;97,2;108,6
4;0;168;1;2688;168;0;4633;0;0;0;0;0;0;14450688;7225344;2048;1344;1344;1;16;16;1;1344;0,125;0,0002834467;0;0,5;0;0;1;15;110,8;119,1
4;0;176;1;2816;176;0;4853;0;0;0;0;0;0;15859712;7929856;2048;1408;1408;1;16;16;1;1408;0,125;0,0002582645;0;0,5;0;0;1;15;125,9;148
4;0;184;1;2944;184;0;5073;0;0;0;0;0;0;17334272;8667136;2048;1472;1472;1;16;16;1;1472;0,125;0,0002362949;0;0,5;0;0;1;15;142,9;163,2
4;0;192;1;3072;192;0;5293;0;0;0;0;0;0;18874368;9437184;2048;1536;1536;1;16;16;1;1536;0,125;0,0002170139;0;0,5;0;0;1;15;161,5;201,5
4;0;200;1;3200;200;0;5513;0;0;0;0;0;0;20480000;10240000;2048;1600;1600;1;16;16;1;1600;0,125;0,0002;0;0,5;0;0;1;15;181,7;216
4;0;208;1;3328;208;0;5733;0;0;0;0;0;0;22151168;11075584;2048;1664;1664;1;16;16;1;1664;0,125;0,0001849113;0;0,5;0;0;1;15;202,9;263,3
4;0;216;1;3456;216;0;5953;0;0;0;0;0;0;23887872;11943936;2048;1728;1728;1;16;16;1;1728;0,125;0,0001714678;0;0,5;0;0;1;15;226,8;288
4;0;224;1;3584;224;0;6173;0;0;0;0;0;0;25690112;12845056;2048;1792;1792;1;16;16;1;1792;0,125;0,0001594388;0;0,5;0;0;1;15;254;331,1
4;0;232;1;3712;232;0;6393;0;0;0;0;0;0;27557888;13778944;2048;1856;1856;1;16;16;1;1856;0,125;0,0001486326;0;0,5;0;0;1;15;280;373,4
4;0;240;1;3840;240;0;6613;0;0;0;0;0;0;29491200;14745600;2048;1920;1920;1;16;16;1;1920;0,125;0,0001388889;0;0,5;0;0;1;15;310,9;443,3
4;0;248;1;3968;248;0;6833;0;0;0;0;0;0;31490048;15745024;2048;1984;1984;1;16;16;1;1984;0,125;0,0001300728;0;0,5;0;0;1;15;340,8;505,5
4;0;256;1;4096;256;0;7053;0;0;0;0;0;0;33554432;16777216;2048;2048;2048;1;16;16;1;2048;0,125;0,0001220703;0;0,5;0;0;1;15;372,6;703,1Training sample index;Branch count;Read accesses to global memory (per thread);Write accesses to global memory (per thread);Read accesses to local memory (per thread);Write accesses to local memory (per thread);Read accesses to constant memory (per thread);Arithmetic operations (per thread);Logic operations (per thread);Bitwise operations (per thread);Comparison operations (per thread);Pown operations (per thread);Sqrt operations (per thread);Hypot operations (per thread);Data size transf from host to device (bytes);Data size transf from device to host (bytes);Data size allocated locally (bytes);Global work size dim 1 (number of threads);Global work size dim 2 (number of threads);Global work size dim 3 (number of threads);Local work size dim 1 (number of threads);Local work size dim 2 (number of threads);Local work size dim 3 (number of threads);Loop iterations;Intra cache usage global;Inter cache usage global;Intra collision global;Intra cohaleshing global;Intra cache usage local;Intra collision local;Intra cohaleshing local;Cache Misses;GeForce GT 650M Completion Time (ms);      Intel(R) Core(TM) i7-3740QM CPU @ 2.70GHz Completion Time (ms)
0;1;9;1;0;0;0;27;0;0;2;0;0;1;17424;16384;0;64;64;1;16;16;1;0;0,5625;9;0;0,1111111;0;0;1;2;1,36;0,9
0;1;9;1;0;0;0;27;0;0;2;0;0;1;67600;65536;0;128;128;1;16;16;1;0;0,5625;9;0;0,1111111;0;0;1;2;1,38;0,98
0;1;9;1;0;0;0;27;0;0;2;0;0;1;150544;147456;0;192;192;1;16;16;1;0;0,5625;9;0;0,1111111;0;0;1;2;1,47;1,02
0;1;9;1;0;0;0;27;0;0;2;0;0;1;266256;262144;0;256;256;1;16;16;1;0;0,5625;9;0;0,1111111;0;0;1;2;1,57;1,14
0;1;9;1;0;0;0;27;0;0;2;0;0;1;414736;409600;0;320;320;1;16;16;1;0;0,5625;9;0;0,1111111;0;0;1;2;1,72;1,32
0;1;9;1;0;0;0;27;0;0;2;0;0;1;595984;589824;0;384;384;1;16;16;1;0;0,5625;9;0;0,1111111;0;0;1;2;2,23;1,46
0;1;9;1;0;0;0;27;0;0;2;0;0;1;810000;802816;0;448;448;1;16;16;1;0;0,5625;9;0;0,1111111;0;0;1;2;2,42;1,7
0;1;9;1;0;0;0;27;0;0;2;0;0;1;1056784;1048576;0;512;512;1;16;16;1;0;0,5625;9;0;0,1111111;0;0;1;2;3,26;1,97
0;1;9;1;0;0;0;27;0;0;2;0;0;1;1336336;1327104;0;576;576;1;16;16;1;0;0,5625;9;0;0,1111111;0;0;1;2;3,44;2,17
0;1;9;1;0;0;0;27;0;0;2;0;0;1;1648656;1638400;0;640;640;1;16;16;1;0;0,5625;9;0;0,1111111;0;0;1;2;3,73;2,49
0;1;9;1;0;0;0;27;0;0;2;0;0;1;1993744;1982464;0;704;704;1;16;16;1;0;0,5625;9;0;0,1111111;0;0;1;2;4,09;2,9
0;1;9;1;0;0;0;27;0;0;2;0;0;1;2371600;2359296;0;768;768;1;16;16;1;0;0,5625;9;0;0,1111111;0;0;1;2;4,71;3,23
0;1;9;1;0;0;0;27;0;0;2;0;0;1;2782224;2768896;0;832;832;1;16;16;1;0;0,5625;9;0;0,1111111;0;0;1;2;4,99;3,67
0;1;9;1;0;0;0;27;0;0;2;0;0;1;3225616;3211264;0;896;896;1;16;16;1;0;0,5625;9;0;0,1111111;0;0;1;2;5,97;4,12
0;1;9;1;0;0;0;27;0;0;2;0;0;1;3701776;3686400;0;960;960;1;16;16;1;0;0,5625;9;0;0,1111111;0;0;1;2;5,79;4,69
0;1;9;1;0;0;0;27;0;0;2;0;0;1;4210704;4194304;0;1024;1024;1;16;16;1;0;0,5625;9;0;0,1111111;0;0;1;2;6,77;5,28
0;1;9;1;0;0;0;27;0;0;2;0;0;1;4752400;4734976;0;1088;1088;1;16;16;1;0;0,5625;9;0;0,1111111;0;0;1;2;7,36;5,8
0;1;9;1;0;0;0;27;0;0;2;0;0;1;5326864;5308416;0;1152;1152;1;16;16;1;0;0,5625;9;0;0,1111111;0;0;1;2;7,77;6,29
0;1;9;1;0;0;0;27;0;0;2;0;0;1;5934096;5914624;0;1216;1216;1;16;16;1;0;0,5625;9;0;0,1111111;0;0;1;2;8,38;7,01
0;1;9;1;0;0;0;27;0;0;2;0;0;1;6574096;6553600;0;1280;1280;1;16;16;1;0;0,5625;9;0;0,1111111;0;0;1;2;8,99;7,64
0;1;9;1;0;0;0;27;0;0;2;0;0;1;7246864;7225344;0;1344;1344;1;16;16;1;0;0,5625;9;0;0,1111111;0;0;1;2;9,29;8,35
0;1;9;1;0;0;0;27;0;0;2;0;0;1;7952400;7929856;0;1408;1408;1;16;16;1;0;0,5625;9;0;0,1111111;0;0;1;2;10,05;9,19
0;1;9;1;0;0;0;27;0;0;2;0;0;1;8690704;8667136;0;1472;1472;1;16;16;1;0;0,5625;9;0;0,1111111;0;0;1;2;11,02;9,81
0;1;9;1;0;0;0;27;0;0;2;0;0;1;9461776;9437184;0;1536;1536;1;16;16;1;0;0,5625;9;0;0,1111111;0;0;1;2;11,78;10,66
0;1;9;1;0;0;0;27;0;0;2;0;0;1;10265616;10240000;0;1600;1600;1;16;16;1;0;0,5625;9;0;0,1111111;0;0;1;2;12,33;11,49
0;1;9;1;0;0;0;27;0;0;2;0;0;1;11102224;11075584;0;1664;1664;1;16;16;1;0;0,5625;9;0;0,1111111;0;0;1;2;13,4;12,22
0;1;9;1;0;0;0;27;0;0;2;0;0;1;11971600;11943936;0;1728;1728;1;16;16;1;0;0,5625;9;0;0,1111111;0;0;1;2;14,4;13,11
0;1;9;1;0;0;0;27;0;0;2;0;0;1;12873744;12845056;0;1792;1792;1;16;16;1;0;0,5625;9;0;0,1111111;0;0;1;2;15,07;13,95
0;1;9;1;0;0;0;27;0;0;2;0;0;1;13808656;13778944;0;1856;1856;1;16;16;1;0;0,5625;9;0;0,1111111;0;0;1;2;16,06;14,99
0;1;9;1;0;0;0;27;0;0;2;0;0;1;14776336;14745600;0;1920;1920;1;16;16;1;0;0,5625;9;0;0,1111111;0;0;1;2;17,27;15,81
0;1;9;1;0;0;0;27;0;0;2;0;0;1;15776784;15745024;0;1984;1984;1;16;16;1;0;0,5625;9;0;0,1111111;0;0;1;2;17,9;17,12
0;1;9;1;0;0;0;27;0;0;2;0;0;1;16810000;16777216;0;2048;2048;1;16;16;1;0;0,5625;9;0;0,1111111;0;0;1;2;18,86;18,07
Training sample index;Branch count;Read accesses to global memory (per thread);Write accesses to global memory (per thread);Read accesses to local memory (per thread);Write accesses to local memory (per thread);Read accesses to constant memory (per thread);Arithmetic operations (per thread);Logic operations (per thread);Bitwise operations (per thread);Comparison operations (per thread);Pown operations (per thread);Sqrt operations (per thread);Hypot operations (per thread);Data size transf from host to device (bytes);Data size transf from device to host (bytes);Data size allocated locally (bytes);Global work size dim 1 (number of threads);Global work size dim 2 (number of threads);Global work size dim 3 (number of threads);Local work size dim 1 (number of threads);Local work size dim 2 (number of threads);Local work size dim 3 (number of threads);Loop iterations;Intra cache usage global;Inter cache usage global;Intra collision global;Intra cohaleshing global;Intra cache usage local;Intra collision local;Intra cohaleshing local;Cache Misses;GeForce GT 650M Completion Time (ms);      Intel(R) Core(TM) i7-3740QM CPU @ 2.70GHz Completion Time (ms)
1;0;9;1;0;0;9;62;0;0;0;0;0;0;17460;16384;0;64;64;1;16;16;1;9;0,06640625;1,0625;127,5;0,5;0;0;1;2;1,26;1,09
1;0;9;1;0;0;9;62;0;0;0;0;0;0;67636;65536;0;128;128;1;16;16;1;9;0,06640625;1,015625;127,5;0,5;0;0;1;2;1,6;1,1
1;0;9;1;0;0;9;62;0;0;0;0;0;0;150580;147456;0;192;192;1;16;16;1;9;0,06640625;1,006944;127,5;0,5;0;0;1;2;1,35;1,12
1;0;9;1;0;0;9;62;0;0;0;0;0;0;266292;262144;0;256;256;1;16;16;1;9;0,06640625;1,003906;127,5;0,5;0;0;1;2;1,64;1,12
1;0;9;1;0;0;9;62;0;0;0;0;0;0;414772;409600;0;320;320;1;16;16;1;9;0,06640625;1,0025;127,5;0,5;0;0;1;2;1,85;1,13
1;0;9;1;0;0;9;62;0;0;0;0;0;0;596020;589824;0;384;384;1;16;16;1;9;0,06640625;1,001736;127,5;0,5;0;0;1;2;2,34;1,16
1;0;9;1;0;0;9;62;0;0;0;0;0;0;810036;802816;0;448;448;1;16;16;1;9;0,06640625;1,001276;127,5;0,5;0;0;1;2;2,5;1,18
1;0;9;1;0;0;9;62;0;0;0;0;0;0;1056820;1048576;0;512;512;1;16;16;1;9;0,06640625;1,000977;127,5;0,5;0;0;1;2;2,78;1,29
1;0;9;1;0;0;9;62;0;0;0;0;0;0;1336372;1327104;0;576;576;1;16;16;1;9;0,06640625;1,000772;127,5;0,5;0;0;1;2;3;1,29
1;0;9;1;0;0;9;62;0;0;0;0;0;0;1648692;1638400;0;640;640;1;16;16;1;9;0,06640625;1,000625;127,5;0,5;0;0;1;2;3,24;1,44
1;0;9;1;0;0;9;62;0;0;0;0;0;0;1993780;1982464;0;704;704;1;16;16;1;9;0,06640625;1,000517;127,5;0,5;0;0;1;2;3,54;1,48
1;0;9;1;0;0;9;62;0;0;0;0;0;0;2371636;2359296;0;768;768;1;16;16;1;9;0,06640625;1,000434;127,5;0,5;0;0;1;2;3,88;1,5
1;0;9;1;0;0;9;62;0;0;0;0;0;0;2782260;2768896;0;832;832;1;16;16;1;9;0,06640625;1,00037;127,5;0,5;0;0;1;2;4,43;1,64
1;0;9;1;0;0;9;62;0;0;0;0;0;0;3225652;3211264;0;896;896;1;16;16;1;9;0,06640625;1,000319;127,5;0,5;0;0;1;2;5,09;1,67
1;0;9;1;0;0;9;62;0;0;0;0;0;0;3701812;3686400;0;960;960;1;16;16;1;9;0,06640625;1,000278;127,5;0,5;0;0;1;2;5,49;1,87
1;0;9;1;0;0;9;62;0;0;0;0;0;0;4210740;4194304;0;1024;1024;1;16;16;1;9;0,06640625;1,000244;127,5;0,5;0;0;1;2;5,92;1,85
1;0;9;1;0;0;9;62;0;0;0;0;0;0;4752436;4734976;0;1088;1088;1;16;16;1;9;0,06640625;1,000216;127,5;0,5;0;0;1;2;6,1;2,18
1;0;9;1;0;0;9;62;0;0;0;0;0;0;5326900;5308416;0;1152;1152;1;16;16;1;9;0,06640625;1,000193;127,5;0,5;0;0;1;2;6,94;2,28
1;0;9;1;0;0;9;62;0;0;0;0;0;0;5934132;5914624;0;1216;1216;1;16;16;1;9;0,06640625;1,000173;127,5;0,5;0;0;1;2;7,16;2,33
1;0;9;1;0;0;9;62;0;0;0;0;0;0;6574132;6553600;0;1280;1280;1;16;16;1;9;0,06640625;1,000156;127,5;0,5;0;0;1;2;8,1;2,78
1;0;9;1;0;0;9;62;0;0;0;0;0;0;7246900;7225344;0;1344;1344;1;16;16;1;9;0,06640625;1,000142;127,5;0,5;0;0;1;2;8,25;2,92
1;0;9;1;0;0;9;62;0;0;0;0;0;0;7952436;7929856;0;1408;1408;1;16;16;1;9;0,06640625;1,000129;127,5;0,5;0;0;1;2;9;2,89
1;0;9;1;0;0;9;62;0;0;0;0;0;0;8690740;8667136;0;1472;1472;1;16;16;1;9;0,06640625;1,000118;127,5;0,5;0;0;1;2;9,84;3,17
1;0;9;1;0;0;9;62;0;0;0;0;0;0;9461812;9437184;0;1536;1536;1;16;16;1;9;0,06640625;1,000108;127,5;0,5;0;0;1;2;10,59;3,26
1;0;9;1;0;0;9;62;0;0;0;0;0;0;10265652;10240000;0;1600;1600;1;16;16;1;9;0,06640625;1,0001;127,5;0,5;0;0;1;2;11,17;3,48
1;0;9;1;0;0;9;62;0;0;0;0;0;0;11102260;11075584;0;1664;1664;1;16;16;1;9;0,06640625;1,000093;127,5;0,5;0;0;1;2;11,81;3,73
1;0;9;1;0;0;9;62;0;0;0;0;0;0;11971636;11943936;0;1728;1728;1;16;16;1;9;0,06640625;1,000086;127,5;0,5;0;0;1;2;11,95;4,09
1;0;9;1;0;0;9;62;0;0;0;0;0;0;12873780;12845056;0;1792;1792;1;16;16;1;9;0,06640625;1,00008;127,5;0,5;0;0;1;2;12,93;4,03
1;0;9;1;0;0;9;62;0;0;0;0;0;0;13808692;13778944;0;1856;1856;1;16;16;1;9;0,06640625;1,000074;127,5;0,5;0;0;1;2;13,76;4,3
1;0;9;1;0;0;9;62;0;0;0;0;0;0;14776372;14745600;0;1920;1920;1;16;16;1;9;0,06640625;1,000069;127,5;0,5;0;0;1;2;14,02;4,4
1;0;9;1;0;0;9;62;0;0;0;0;0;0;15776820;15745024;0;1984;1984;1;16;16;1;9;0,06640625;1,000065;127,5;0,5;0;0;1;2;14,97;4,65
1;0;9;1;0;0;9;62;0;0;0;0;0;0;16810036;16777216;0;2048;2048;1;16;16;1;9;0,06640625;1,000061;127,5;0,5;0;0;1;2;15,82;4,7
1;0;25;1;0;0;25;152;0;0;0;0;0;0;18596;16384;0;64;64;1;16;16;1;25;0,06640625;1,0625;127,5;0,5;0;0;1;4;1,26;1,08
1;0;25;1;0;0;25;152;0;0;0;0;0;0;69796;65536;0;128;128;1;16;16;1;25;0,06640625;1,015625;127,5;0,5;0;0;1;4;1,62;1,1
1;0;25;1;0;0;25;152;0;0;0;0;0;0;153764;147456;0;192;192;1;16;16;1;25;0,06640625;1,006944;127,5;0,5;0;0;1;4;1,75;1,11
1;0;25;1;0;0;25;152;0;0;0;0;0;0;270500;262144;0;256;256;1;16;16;1;25;0,06640625;1,003906;127,5;0,5;0;0;1;4;1,93;1,13
1;0;25;1;0;0;25;152;0;0;0;0;0;0;420004;409600;0;320;320;1;16;16;1;25;0,06640625;1,0025;127,5;0,5;0;0;1;4;2,1;1,2
1;0;25;1;0;0;25;152;0;0;0;0;0;0;602276;589824;0;384;384;1;16;16;1;25;0,06640625;1,001736;127,5;0,5;0;0;1;4;2,67;1,25
1;0;25;1;0;0;25;152;0;0;0;0;0;0;817316;802816;0;448;448;1;16;16;1;25;0,06640625;1,001276;127,5;0,5;0;0;1;4;2,89;1,32
1;0;25;1;0;0;25;152;0;0;0;0;0;0;1065124;1048576;0;512;512;1;16;16;1;25;0,06640625;1,000977;127,5;0,5;0;0;1;4;3,37;1,38
1;0;25;1;0;0;25;152;0;0;0;0;0;0;1345700;1327104;0;576;576;1;16;16;1;25;0,06640625;1,000772;127,5;0,5;0;0;1;4;3,75;1,43
1;0;25;1;0;0;25;152;0;0;0;0;0;0;1659044;1638400;0;640;640;1;16;16;1;25;0,06640625;1,000625;127,5;0,5;0;0;1;4;4,18;1,54
1;0;25;1;0;0;25;152;0;0;0;0;0;0;2005156;1982464;0;704;704;1;16;16;1;25;0,06640625;1,000517;127,5;0,5;0;0;1;4;5,35;1,59
1;0;25;1;0;0;25;152;0;0;0;0;0;0;2384036;2359296;0;768;768;1;16;16;1;25;0,06640625;1,000434;127,5;0,5;0;0;1;4;5,79;1,8
1;0;25;1;0;0;25;152;0;0;0;0;0;0;2795684;2768896;0;832;832;1;16;16;1;25;0,06640625;1,00037;127,5;0,5;0;0;1;4;6,15;1,9
1;0;25;1;0;0;25;152;0;0;0;0;0;0;3240100;3211264;0;896;896;1;16;16;1;25;0,06640625;1,000319;127,5;0,5;0;0;1;4;6,93;2,01
1;0;25;1;0;0;25;152;0;0;0;0;0;0;3717284;3686400;0;960;960;1;16;16;1;25;0,06640625;1,000278;127,5;0,5;0;0;1;4;7,61;2,27
1;0;25;1;0;0;25;152;0;0;0;0;0;0;4227236;4194304;0;1024;1024;1;16;16;1;25;0,06640625;1,000244;127,5;0,5;0;0;1;4;8,29;2,46
1;0;25;1;0;0;25;152;0;0;0;0;0;0;4769956;4734976;0;1088;1088;1;16;16;1;25;0,06640625;1,000216;127,5;0,5;0;0;1;4;8,51;2,62
1;0;25;1;0;0;25;152;0;0;0;0;0;0;5345444;5308416;0;1152;1152;1;16;16;1;25;0,06640625;1,000193;127,5;0,5;0;0;1;4;9,37;2,99
1;0;25;1;0;0;25;152;0;0;0;0;0;0;5953700;5914624;0;1216;1216;1;16;16;1;25;0,06640625;1,000173;127,5;0,5;0;0;1;4;10,15;3,02
1;0;25;1;0;0;25;152;0;0;0;0;0;0;6594724;6553600;0;1280;1280;1;16;16;1;25;0,06640625;1,000156;127,5;0,5;0;0;1;4;11,06;3,52
1;0;25;1;0;0;25;152;0;0;0;0;0;0;7268516;7225344;0;1344;1344;1;16;16;1;25;0,06640625;1,000142;127,5;0,5;0;0;1;4;11,88;3,79
1;0;25;1;0;0;25;152;0;0;0;0;0;0;7975076;7929856;0;1408;1408;1;16;16;1;25;0,06640625;1,000129;127,5;0,5;0;0;1;4;12,8;3,74
1;0;25;1;0;0;25;152;0;0;0;0;0;0;8714404;8667136;0;1472;1472;1;16;16;1;25;0,06640625;1,000118;127,5;0,5;0;0;1;4;13,87;4,11
1;0;25;1;0;0;25;152;0;0;0;0;0;0;9486500;9437184;0;1536;1536;1;16;16;1;25;0,06640625;1,000108;127,5;0,5;0;0;1;4;14,82;4,12
1;0;25;1;0;0;25;152;0;0;0;0;0;0;10291364;10240000;0;1600;1600;1;16;16;1;25;0,06640625;1,0001;127,5;0,5;0;0;1;4;15,73;4,56
1;0;25;1;0;0;25;152;0;0;0;0;0;0;11128996;11075584;0;1664;1664;1;16;16;1;25;0,06640625;1,000093;127,5;0,5;0;0;1;4;16,89;4,76
1;0;25;1;0;0;25;152;0;0;0;0;0;0;11999396;11943936;0;1728;1728;1;16;16;1;25;0,06640625;1,000086;127,5;0,5;0;0;1;4;18,02;5,08
1;0;25;1;0;0;25;152;0;0;0;0;0;0;12902564;12845056;0;1792;1792;1;16;16;1;25;0,06640625;1,00008;127,5;0,5;0;0;1;4;19,19;5,58
1;0;25;1;0;0;25;152;0;0;0;0;0;0;13838500;13778944;0;1856;1856;1;16;16;1;25;0,06640625;1,000074;127,5;0,5;0;0;1;4;20,3;5,37
1;0;25;1;0;0;25;152;0;0;0;0;0;0;14807204;14745600;0;1920;1920;1;16;16;1;25;0,06640625;1,000069;127,5;0,5;0;0;1;4;21,66;5,99
1;0;25;1;0;0;25;152;0;0;0;0;0;0;15808676;15745024;0;1984;1984;1;16;16;1;25;0,06640625;1,000065;127,5;0,5;0;0;1;4;22,96;6,4
1;0;25;1;0;0;25;152;0;0;0;0;0;0;16842916;16777216;0;2048;2048;1;16;16;1;25;0,06640625;1,000061;127,5;0,5;0;0;1;4;24,19;5,85
1;0;49;1;0;0;49;282;0;0;0;0;0;0;19796;16384;0;64;64;1;16;16;1;49;0,06640625;1,0625;127,5;0,5;0;0;1;6;1,28;1,1
1;0;49;1;0;0;49;282;0;0;0;0;0;0;72020;65536;0;128;128;1;16;16;1;49;0,06640625;1,015625;127,5;0,5;0;0;1;6;1,7;1,12
1;0;49;1;0;0;49;282;0;0;0;0;0;0;157012;147456;0;192;192;1;16;16;1;49;0,06640625;1,006944;127,5;0,5;0;0;1;6;2,08;1,14
1;0;49;1;0;0;49;282;0;0;0;0;0;0;274772;262144;0;256;256;1;16;16;1;49;0,06640625;1,003906;127,5;0,5;0;0;1;6;2,13;1,2
1;0;49;1;0;0;49;282;0;0;0;0;0;0;425300;409600;0;320;320;1;16;16;1;49;0,06640625;1,0025;127,5;0,5;0;0;1;6;2,33;1,24
1;0;49;1;0;0;49;282;0;0;0;0;0;0;608596;589824;0;384;384;1;16;16;1;49;0,06640625;1,001736;127,5;0,5;0;0;1;6;2,9;1,39
1;0;49;1;0;0;49;282;0;0;0;0;0;0;824660;802816;0;448;448;1;16;16;1;49;0,06640625;1,001276;127,5;0,5;0;0;1;6;3,51;1,42
1;0;49;1;0;0;49;282;0;0;0;0;0;0;1073492;1048576;0;512;512;1;16;16;1;49;0,06640625;1,000977;127,5;0,5;0;0;1;6;4,45;1,5
1;0;49;1;0;0;49;282;0;0;0;0;0;0;1355092;1327104;0;576;576;1;16;16;1;49;0,06640625;1,000772;127,5;0,5;0;0;1;6;4,91;1,65
1;0;49;1;0;0;49;282;0;0;0;0;0;0;1669460;1638400;0;640;640;1;16;16;1;49;0,06640625;1,000625;127,5;0,5;0;0;1;6;6,06;1,77
1;0;49;1;0;0;49;282;0;0;0;0;0;0;2016596;1982464;0;704;704;1;16;16;1;49;0,06640625;1,000517;127,5;0,5;0;0;1;6;6,64;2,04
1;0;49;1;0;0;49;282;0;0;0;0;0;0;2396500;2359296;0;768;768;1;16;16;1;49;0,06640625;1,000434;127,5;0,5;0;0;1;6;7,36;2,1
1;0;49;1;0;0;49;282;0;0;0;0;0;0;2809172;2768896;0;832;832;1;16;16;1;49;0,06640625;1,00037;127,5;0,5;0;0;1;6;7,95;2,37
1;0;49;1;0;0;49;282;0;0;0;0;0;0;3254612;3211264;0;896;896;1;16;16;1;49;0,06640625;1,000319;127,5;0,5;0;0;1;6;9;2,54
1;0;49;1;0;0;49;282;0;0;0;0;0;0;3732820;3686400;0;960;960;1;16;16;1;49;0,06640625;1,000278;127,5;0,5;0;0;1;6;9,57;2,86
1;0;49;1;0;0;49;282;0;0;0;0;0;0;4243796;4194304;0;1024;1024;1;16;16;1;49;0,06640625;1,000244;127,5;0,5;0;0;1;6;10,62;3,11
1;0;49;1;0;0;49;282;0;0;0;0;0;0;4787540;4734976;0;1088;1088;1;16;16;1;49;0,06640625;1,000216;127,5;0,5;0;0;1;6;11,78;3,38
1;0;49;1;0;0;49;282;0;0;0;0;0;0;5364052;5308416;0;1152;1152;1;16;16;1;49;0,06640625;1,000193;127,5;0,5;0;0;1;6;13,24;3,65
1;0;49;1;0;0;49;282;0;0;0;0;0;0;5973332;5914624;0;1216;1216;1;16;16;1;49;0,06640625;1,000173;127,5;0,5;0;0;1;6;14,19;4,03
1;0;49;1;0;0;49;282;0;0;0;0;0;0;6615380;6553600;0;1280;1280;1;16;16;1;49;0,06640625;1,000156;127,5;0,5;0;0;1;6;15,79;4,19
1;0;49;1;0;0;49;282;0;0;0;0;0;0;7290196;7225344;0;1344;1344;1;16;16;1;49;0,06640625;1,000142;127,5;0,5;0;0;1;6;16,81;4,63
1;0;49;1;0;0;49;282;0;0;0;0;0;0;7997780;7929856;0;1408;1408;1;16;16;1;49;0,06640625;1,000129;127,5;0,5;0;0;1;6;18,39;4,91
1;0;49;1;0;0;49;282;0;0;0;0;0;0;8738132;8667136;0;1472;1472;1;16;16;1;49;0,06640625;1,000118;127,5;0,5;0;0;1;6;19,78;5,43
1;0;49;1;0;0;49;282;0;0;0;0;0;0;9511252;9437184;0;1536;1536;1;16;16;1;49;0,06640625;1,000108;127,5;0,5;0;0;1;6;21,44;5,61
1;0;49;1;0;0;49;282;0;0;0;0;0;0;10317140;10240000;0;1600;1600;1;16;16;1;49;0,06640625;1,0001;127,5;0,5;0;0;1;6;22,87;6,11
1;0;49;1;0;0;49;282;0;0;0;0;0;0;11155796;11075584;0;1664;1664;1;16;16;1;49;0,06640625;1,000093;127,5;0,5;0;0;1;6;24,84;6,42
1;0;49;1;0;0;49;282;0;0;0;0;0;0;12027220;11943936;0;1728;1728;1;16;16;1;49;0,06640625;1,000086;127,5;0,5;0;0;1;6;26,4;6,89
1;0;49;1;0;0;49;282;0;0;0;0;0;0;12931412;12845056;0;1792;1792;1;16;16;1;49;0,06640625;1,00008;127,5;0,5;0;0;1;6;28,45;7,31
1;0;49;1;0;0;49;282;0;0;0;0;0;0;13868372;13778944;0;1856;1856;1;16;16;1;49;0,06640625;1,000074;127,5;0,5;0;0;1;6;30,2;7,99
1;0;49;1;0;0;49;282;0;0;0;0;0;0;14838100;14745600;0;1920;1920;1;16;16;1;49;0,06640625;1,000069;127,5;0,5;0;0;1;6;32,22;8,2
1;0;49;1;0;0;49;282;0;0;0;0;0;0;15840596;15745024;0;1984;1984;1;16;16;1;49;0,06640625;1,000065;127,5;0,5;0;0;1;6;34,04;8,9
1;0;49;1;0;0;49;282;0;0;0;0;0;0;16875860;16777216;0;2048;2048;1;16;16;1;49;0,06640625;1,000061;127,5;0,5;0;0;1;6;36,35;8,62
1;0;81;1;0;0;81;452;0;0;0;0;0;0;21060;16384;0;64;64;1;16;16;1;81;0,06640625;1,0625;127,5;0,5;0;0;1;8;1,33;1,1
1;0;81;1;0;0;81;452;0;0;0;0;0;0;74308;65536;0;128;128;1;16;16;1;81;0,06640625;1,015625;127,5;0,5;0;0;1;8;1,73;1,14
1;0;81;1;0;0;81;452;0;0;0;0;0;0;160324;147456;0;192;192;1;16;16;1;81;0,06640625;1,006944;127,5;0,5;0;0;1;8;1,87;1,18
1;0;81;1;0;0;81;452;0;0;0;0;0;0;279108;262144;0;256;256;1;16;16;1;81;0,06640625;1,003906;127,5;0,5;0;0;1;8;2,02;1,26
1;0;81;1;0;0;81;452;0;0;0;0;0;0;430660;409600;0;320;320;1;16;16;1;81;0,06640625;1,0025;127,5;0,5;0;0;1;8;2,74;1,38
1;0;81;1;0;0;81;452;0;0;0;0;0;0;614980;589824;0;384;384;1;16;16;1;81;0,06640625;1,001736;127,5;0,5;0;0;1;8;3,57;1,51
1;0;81;1;0;0;81;452;0;0;0;0;0;0;832068;802816;0;448;448;1;16;16;1;81;0,06640625;1,001276;127,5;0,5;0;0;1;8;4,22;1,65
1;0;81;1;0;0;81;452;0;0;0;0;0;0;1081924;1048576;0;512;512;1;16;16;1;81;0,06640625;1,000977;127,5;0,5;0;0;1;8;5,34;1,85
1;0;81;1;0;0;81;452;0;0;0;0;0;0;1364548;1327104;0;576;576;1;16;16;1;81;0,06640625;1,000772;127,5;0,5;0;0;1;8;6,12;2,1
1;0;81;1;0;0;81;452;0;0;0;0;0;0;1679940;1638400;0;640;640;1;16;16;1;81;0,06640625;1,000625;127,5;0,5;0;0;1;8;7,09;2,3
1;0;81;1;0;0;81;452;0;0;0;0;0;0;2028100;1982464;0;704;704;1;16;16;1;81;0,06640625;1,000517;127,5;0,5;0;0;1;8;8,03;2,6
1;0;81;1;0;0;81;452;0;0;0;0;0;0;2409028;2359296;0;768;768;1;16;16;1;81;0,06640625;1,000434;127,5;0,5;0;0;1;8;9,2;2,92
1;0;81;1;0;0;81;452;0;0;0;0;0;0;2822724;2768896;0;832;832;1;16;16;1;81;0,06640625;1,00037;127,5;0,5;0;0;1;8;10,43;3,34
1;0;81;1;0;0;81;452;0;0;0;0;0;0;3269188;3211264;0;896;896;1;16;16;1;81;0,06640625;1,000319;127,5;0,5;0;0;1;8;11,78;3,64
1;0;81;1;0;0;81;452;0;0;0;0;0;0;3748420;3686400;0;960;960;1;16;16;1;81;0,06640625;1,000278;127,5;0,5;0;0;1;8;12,97;4,11
1;0;81;1;0;0;81;452;0;0;0;0;0;0;4260420;4194304;0;1024;1024;1;16;16;1;81;0,06640625;1,000244;127,5;0,5;0;0;1;8;14,63;4,39
1;0;81;1;0;0;81;452;0;0;0;0;0;0;4805188;4734976;0;1088;1088;1;16;16;1;81;0,06640625;1,000216;127,5;0,5;0;0;1;8;16,4;4,71
1;0;81;1;0;0;81;452;0;0;0;0;0;0;5382724;5308416;0;1152;1152;1;16;16;1;81;0,06640625;1,000193;127,5;0,5;0;0;1;8;17,82;5,27
1;0;81;1;0;0;81;452;0;0;0;0;0;0;5993028;5914624;0;1216;1216;1;16;16;1;81;0,06640625;1,000173;127,5;0,5;0;0;1;8;19,67;5,84
1;0;81;1;0;0;81;452;0;0;0;0;0;0;6636100;6553600;0;1280;1280;1;16;16;1;81;0,06640625;1,000156;127,5;0,5;0;0;1;8;21,51;6,44
1;0;81;1;0;0;81;452;0;0;0;0;0;0;7311940;7225344;0;1344;1344;1;16;16;1;81;0,06640625;1,000142;127,5;0,5;0;0;1;8;23,56;6,8
1;0;81;1;0;0;81;452;0;0;0;0;0;0;8020548;7929856;0;1408;1408;1;16;16;1;81;0,06640625;1,000129;127,5;0,5;0;0;1;8;25,46;7,92
1;0;81;1;0;0;81;452;0;0;0;0;0;0;8761924;8667136;0;1472;1472;1;16;16;1;81;0,06640625;1,000118;127,5;0,5;0;0;1;8;27,94;7,92
1;0;81;1;0;0;81;452;0;0;0;0;0;0;9536068;9437184;0;1536;1536;1;16;16;1;81;0,06640625;1,000108;127,5;0,5;0;0;1;8;30,02;9,03
1;0;81;1;0;0;81;452;0;0;0;0;0;0;10342980;10240000;0;1600;1600;1;16;16;1;81;0,06640625;1,0001;127,5;0,5;0;0;1;8;32,24;9,67
1;0;81;1;0;0;81;452;0;0;0;0;0;0;11182660;11075584;0;1664;1664;1;16;16;1;81;0,06640625;1,000093;127,5;0,5;0;0;1;8;34,72;10,5
1;0;81;1;0;0;81;452;0;0;0;0;0;0;12055108;11943936;0;1728;1728;1;16;16;1;81;0,06640625;1,000086;127,5;0,5;0;0;1;8;37,25;11,17
1;0;81;1;0;0;81;452;0;0;0;0;0;0;12960324;12845056;0;1792;1792;1;16;16;1;81;0,06640625;1,00008;127,5;0,5;0;0;1;8;40,04;12,33
1;0;81;1;0;0;81;452;0;0;0;0;0;0;13898308;13778944;0;1856;1856;1;16;16;1;81;0,06640625;1,000074;127,5;0,5;0;0;1;8;42,6;12,18
1;0;81;1;0;0;81;452;0;0;0;0;0;0;14869060;14745600;0;1920;1920;1;16;16;1;81;0,06640625;1,000069;127,5;0,5;0;0;1;8;45,83;13,6
1;0;81;1;0;0;81;452;0;0;0;0;0;0;15872580;15745024;0;1984;1984;1;16;16;1;81;0,06640625;1,000065;127,5;0,5;0;0;1;8;48,33;14,51
1;0;81;1;0;0;81;452;0;0;0;0;0;0;16908868;16777216;0;2048;2048;1;16;16;1;81;0,06640625;1,000061;127,5;0,5;0;0;1;8;51,2;15,38
1;0;121;1;0;0;121;662;0;0;0;0;0;0;22388;16384;0;64;64;1;16;16;1;121;0,06640625;1,0625;127,5;0,5;0;0;1;10;1,36;1,1
1;0;121;1;0;0;121;662;0;0;0;0;0;0;76660;65536;0;128;128;1;16;16;1;121;0,06640625;1,015625;127,5;0,5;0;0;1;10;1,83;1,14
1;0;121;1;0;0;121;662;0;0;0;0;0;0;163700;147456;0;192;192;1;16;16;1;121;0,06640625;1,006944;127,5;0,5;0;0;1;10;2,24;1,23
1;0;121;1;0;0;121;662;0;0;0;0;0;0;283508;262144;0;256;256;1;16;16;1;121;0,06640625;1,003906;127,5;0,5;0;0;1;10;2,65;1,38
1;0;121;1;0;0;121;662;0;0;0;0;0;0;436084;409600;0;320;320;1;16;16;1;121;0,06640625;1,0025;127,5;0,5;0;0;1;10;3,26;1,55
1;0;121;1;0;0;121;662;0;0;0;0;0;0;621428;589824;0;384;384;1;16;16;1;121;0,06640625;1,001736;127,5;0,5;0;0;1;10;4,32;1,69
1;0;121;1;0;0;121;662;0;0;0;0;0;0;839540;802816;0;448;448;1;16;16;1;121;0,06640625;1,001276;127,5;0,5;0;0;1;10;5,19;1,89
1;0;121;1;0;0;121;662;0;0;0;0;0;0;1090420;1048576;0;512;512;1;16;16;1;121;0,06640625;1,000977;127,5;0,5;0;0;1;10;6,76;2,15
1;0;121;1;0;0;121;662;0;0;0;0;0;0;1374068;1327104;0;576;576;1;16;16;1;121;0,06640625;1,000772;127,5;0,5;0;0;1;10;7,92;2,45
1;0;121;1;0;0;121;662;0;0;0;0;0;0;1690484;1638400;0;640;640;1;16;16;1;121;0,06640625;1,000625;127,5;0,5;0;0;1;10;9;2,79
1;0;121;1;0;0;121;662;0;0;0;0;0;0;2039668;1982464;0;704;704;1;16;16;1;121;0,06640625;1,000517;127,5;0,5;0;0;1;10;10,77;3,12
1;0;121;1;0;0;121;662;0;0;0;0;0;0;2421620;2359296;0;768;768;1;16;16;1;121;0,06640625;1,000434;127,5;0,5;0;0;1;10;12,21;3,62
1;0;121;1;0;0;121;662;0;0;0;0;0;0;2836340;2768896;0;832;832;1;16;16;1;121;0,06640625;1,00037;127,5;0,5;0;0;1;10;14,16;4,19
1;0;121;1;0;0;121;662;0;0;0;0;0;0;3283828;3211264;0;896;896;1;16;16;1;121;0,06640625;1,000319;127,5;0,5;0;0;1;10;15,79;4,68
1;0;121;1;0;0;121;662;0;0;0;0;0;0;3764084;3686400;0;960;960;1;16;16;1;121;0,06640625;1,000278;127,5;0,5;0;0;1;10;17,89;5,26
1;0;121;1;0;0;121;662;0;0;0;0;0;0;4277108;4194304;0;1024;1024;1;16;16;1;121;0,06640625;1,000244;127,5;0,5;0;0;1;10;19,88;5,7
1;0;121;1;0;0;121;662;0;0;0;0;0;0;4822900;4734976;0;1088;1088;1;16;16;1;121;0,06640625;1,000216;127,5;0,5;0;0;1;10;22,31;6,37
1;0;121;1;0;0;121;662;0;0;0;0;0;0;5401460;5308416;0;1152;1152;1;16;16;1;121;0,06640625;1,000193;127,5;0,5;0;0;1;10;24,57;6,98
1;0;121;1;0;0;121;662;0;0;0;0;0;0;6012788;5914624;0;1216;1216;1;16;16;1;121;0,06640625;1,000173;127,5;0,5;0;0;1;10;27,02;7,81
1;0;121;1;0;0;121;662;0;0;0;0;0;0;6656884;6553600;0;1280;1280;1;16;16;1;121;0,06640625;1,000156;127,5;0,5;0;0;1;10;29,99;8,86
1;0;121;1;0;0;121;662;0;0;0;0;0;0;7333748;7225344;0;1344;1344;1;16;16;1;121;0,06640625;1,000142;127,5;0,5;0;0;1;10;32,71;10,23
1;0;121;1;0;0;121;662;0;0;0;0;0;0;8043380;7929856;0;1408;1408;1;16;16;1;121;0,06640625;1,000129;127,5;0,5;0;0;1;10;35,45;10,73
1;0;121;1;0;0;121;662;0;0;0;0;0;0;8785780;8667136;0;1472;1472;1;16;16;1;121;0,06640625;1,000118;127,5;0,5;0;0;1;10;38,49;11,41
1;0;121;1;0;0;121;662;0;0;0;0;0;0;9560948;9437184;0;1536;1536;1;16;16;1;121;0,06640625;1,000108;127,5;0,5;0;0;1;10;41,9;12,76
1;0;121;1;0;0;121;662;0;0;0;0;0;0;10368884;10240000;0;1600;1600;1;16;16;1;121;0,06640625;1,0001;127,5;0,5;0;0;1;10;45,08;13,35
1;0;121;1;0;0;121;662;0;0;0;0;0;0;11209588;11075584;0;1664;1664;1;16;16;1;121;0,06640625;1,000093;127,5;0,5;0;0;1;10;48,71;14,02
1;0;121;1;0;0;121;662;0;0;0;0;0;0;12083060;11943936;0;1728;1728;1;16;16;1;121;0,06640625;1,000086;127,5;0,5;0;0;1;10;52,59;15,16
1;0;121;1;0;0;121;662;0;0;0;0;0;0;12989300;12845056;0;1792;1792;1;16;16;1;121;0,06640625;1,00008;127,5;0,5;0;0;1;10;55,97;17,19
1;0;121;1;0;0;121;662;0;0;0;0;0;0;13928308;13778944;0;1856;1856;1;16;16;1;121;0,06640625;1,000074;127,5;0,5;0;0;1;10;60,39;17,72
1;0;121;1;0;0;121;662;0;0;0;0;0;0;14900084;14745600;0;1920;1920;1;16;16;1;121;0,06640625;1,000069;127,5;0,5;0;0;1;10;64,13;18,35
1;0;121;1;0;0;121;662;0;0;0;0;0;0;15904628;15745024;0;1984;1984;1;16;16;1;121;0,06640625;1,000065;127,5;0,5;0;0;1;10;68,44;21,31
1;0;121;1;0;0;121;662;0;0;0;0;0;0;16941940;16777216;0;2048;2048;1;16;16;1;121;0,06640625;1,000061;127,5;0,5;0;0;1;10;72,51;21,97
1;0;169;1;0;0;169;912;0;0;0;0;0;0;23780;16384;0;64;64;1;16;16;1;169;0,06640625;1,0625;127,5;0,5;0;0;1;12;1,31;1,1
1;0;169;1;0;0;169;912;0;0;0;0;0;0;79076;65536;0;128;128;1;16;16;1;169;0,06640625;1,015625;127,5;0,5;0;0;1;12;1,91;1,17
1;0;169;1;0;0;169;912;0;0;0;0;0;0;167140;147456;0;192;192;1;16;16;1;169;0,06640625;1,006944;127,5;0,5;0;0;1;12;2,38;1,31
1;0;169;1;0;0;169;912;0;0;0;0;0;0;287972;262144;0;256;256;1;16;16;1;169;0,06640625;1,003906;127,5;0,5;0;0;1;12;2,91;1,47
1;0;169;1;0;0;169;912;0;0;0;0;0;0;441572;409600;0;320;320;1;16;16;1;169;0,06640625;1,0025;127,5;0,5;0;0;1;12;3,72;1,64
1;0;169;1;0;0;169;912;0;0;0;0;0;0;627940;589824;0;384;384;1;16;16;1;169;0,06640625;1,001736;127,5;0,5;0;0;1;12;5,15;1,93
1;0;169;1;0;0;169;912;0;0;0;0;0;0;847076;802816;0;448;448;1;16;16;1;169;0,06640625;1,001276;127,5;0,5;0;0;1;12;6,4;2,2
1;0;169;1;0;0;169;912;0;0;0;0;0;0;1098980;1048576;0;512;512;1;16;16;1;169;0,06640625;1,000977;127,5;0,5;0;0;1;12;8,07;2,51
1;0;169;1;0;0;169;912;0;0;0;0;0;0;1383652;1327104;0;576;576;1;16;16;1;169;0,06640625;1,000772;127,5;0,5;0;0;1;12;9,72;2,92
1;0;169;1;0;0;169;912;0;0;0;0;0;0;1701092;1638400;0;640;640;1;16;16;1;169;0,06640625;1,000625;127,5;0,5;0;0;1;12;11,5;3,39
1;0;169;1;0;0;169;912;0;0;0;0;0;0;2051300;1982464;0;704;704;1;16;16;1;169;0,06640625;1,000517;127,5;0,5;0;0;1;12;13,38;3,98
1;0;169;1;0;0;169;912;0;0;0;0;0;0;2434276;2359296;0;768;768;1;16;16;1;169;0,06640625;1,000434;127,5;0,5;0;0;1;12;15,8;4,62
1;0;169;1;0;0;169;912;0;0;0;0;0;0;2850020;2768896;0;832;832;1;16;16;1;169;0,06640625;1,00037;127,5;0,5;0;0;1;12;18,03;5,18
1;0;169;1;0;0;169;912;0;0;0;0;0;0;3298532;3211264;0;896;896;1;16;16;1;169;0,06640625;1,000319;127,5;0,5;0;0;1;12;20,38;5,97
1;0;169;1;0;0;169;912;0;0;0;0;0;0;3779812;3686400;0;960;960;1;16;16;1;169;0,06640625;1,000278;127,5;0,5;0;0;1;12;22,99;6,83
1;0;169;1;0;0;169;912;0;0;0;0;0;0;4293860;4194304;0;1024;1024;1;16;16;1;169;0,06640625;1,000244;127,5;0,5;0;0;1;12;25,76;7,31
1;0;169;1;0;0;169;912;0;0;0;0;0;0;4840676;4734976;0;1088;1088;1;16;16;1;169;0,06640625;1,000216;127,5;0,5;0;0;1;12;28,91;8,36
1;0;169;1;0;0;169;912;0;0;0;0;0;0;5420260;5308416;0;1152;1152;1;16;16;1;169;0,06640625;1,000193;127,5;0,5;0;0;1;12;32,04;9,32
1;0;169;1;0;0;169;912;0;0;0;0;0;0;6032612;5914624;0;1216;1216;1;16;16;1;169;0,06640625;1,000173;127,5;0,5;0;0;1;12;35,34;10,02
1;0;169;1;0;0;169;912;0;0;0;0;0;0;6677732;6553600;0;1280;1280;1;16;16;1;169;0,06640625;1,000156;127,5;0,5;0;0;1;12;38,93;11,53
1;0;169;1;0;0;169;912;0;0;0;0;0;0;7355620;7225344;0;1344;1344;1;16;16;1;169;0,06640625;1,000142;127,5;0,5;0;0;1;12;42,87;12,36
1;0;169;1;0;0;169;912;0;0;0;0;0;0;8066276;7929856;0;1408;1408;1;16;16;1;169;0,06640625;1,000129;127,5;0,5;0;0;1;12;46,62;13,76
1;0;169;1;0;0;169;912;0;0;0;0;0;0;8809700;8667136;0;1472;1472;1;16;16;1;169;0,06640625;1,000118;127,5;0,5;0;0;1;12;50,67;14,86
1;0;169;1;0;0;169;912;0;0;0;0;0;0;9585892;9437184;0;1536;1536;1;16;16;1;169;0,06640625;1,000108;127,5;0,5;0;0;1;12;55,75;16,51
1;0;169;1;0;0;169;912;0;0;0;0;0;0;10394852;10240000;0;1600;1600;1;16;16;1;169;0,06640625;1,0001;127,5;0,5;0;0;1;12;60,13;17,19
1;0;169;1;0;0;169;912;0;0;0;0;0;0;11236580;11075584;0;1664;1664;1;16;16;1;169;0,06640625;1,000093;127,5;0,5;0;0;1;12;64,71;20,18
1;0;169;1;0;0;169;912;0;0;0;0;0;0;12111076;11943936;0;1728;1728;1;16;16;1;169;0,06640625;1,000086;127,5;0,5;0;0;1;12;70,31;21,18
1;0;169;1;0;0;169;912;0;0;0;0;0;0;13018340;12845056;0;1792;1792;1;16;16;1;169;0,06640625;1,00008;127,5;0,5;0;0;1;12;75,01;23,2
1;0;169;1;0;0;169;912;0;0;0;0;0;0;13958372;13778944;0;1856;1856;1;16;16;1;169;0,06640625;1,000074;127,5;0,5;0;0;1;12;80,06;23,99
1;0;169;1;0;0;169;912;0;0;0;0;0;0;14931172;14745600;0;1920;1920;1;16;16;1;169;0,06640625;1,000069;127,5;0,5;0;0;1;12;85,95;25,37
1;0;169;1;0;0;169;912;0;0;0;0;0;0;15936740;15745024;0;1984;1984;1;16;16;1;169;0,06640625;1,000065;127,5;0,5;0;0;1;12;91,1;28,39
1;0;169;1;0;0;169;912;0;0;0;0;0;0;16975076;16777216;0;2048;2048;1;16;16;1;169;0,06640625;1,000061;127,5;0,5;0;0;1;12;97,47;30,39
1;0;225;1;0;0;225;1202;0;0;0;0;0;0;25236;16384;0;64;64;1;16;16;1;225;0,06640625;1,0625;127,5;0,5;0;0;1;14;1,36;1,16
1;0;225;1;0;0;225;1202;0;0;0;0;0;0;81556;65536;0;128;128;1;16;16;1;225;0,06640625;1,015625;127,5;0,5;0;0;1;14;2,03;1,19
1;0;225;1;0;0;225;1202;0;0;0;0;0;0;170644;147456;0;192;192;1;16;16;1;225;0,06640625;1,006944;127,5;0,5;0;0;1;14;2,62;1,39
1;0;225;1;0;0;225;1202;0;0;0;0;0;0;292500;262144;0;256;256;1;16;16;1;225;0,06640625;1,003906;127,5;0,5;0;0;1;14;3,47;1,55
1;0;225;1;0;0;225;1202;0;0;0;0;0;0;447124;409600;0;320;320;1;16;16;1;225;0,06640625;1,0025;127,5;0,5;0;0;1;14;4,51;1,83
1;0;225;1;0;0;225;1202;0;0;0;0;0;0;634516;589824;0;384;384;1;16;16;1;225;0,06640625;1,001736;127,5;0,5;0;0;1;14;6,11;2,12
1;0;225;1;0;0;225;1202;0;0;0;0;0;0;854676;802816;0;448;448;1;16;16;1;225;0,06640625;1,001276;127,5;0,5;0;0;1;14;7,72;2,52
1;0;225;1;0;0;225;1202;0;0;0;0;0;0;1107604;1048576;0;512;512;1;16;16;1;225;0,06640625;1,000977;127,5;0,5;0;0;1;14;9,86;2,96
1;0;225;1;0;0;225;1202;0;0;0;0;0;0;1393300;1327104;0;576;576;1;16;16;1;225;0,06640625;1,000772;127,5;0,5;0;0;1;14;11,9;3,54
1;0;225;1;0;0;225;1202;0;0;0;0;0;0;1711764;1638400;0;640;640;1;16;16;1;225;0,06640625;1,000625;127,5;0,5;0;0;1;14;14,11;4,12
1;0;225;1;0;0;225;1202;0;0;0;0;0;0;2062996;1982464;0;704;704;1;16;16;1;225;0,06640625;1,000517;127,5;0,5;0;0;1;14;16,65;4,75
1;0;225;1;0;0;225;1202;0;0;0;0;0;0;2446996;2359296;0;768;768;1;16;16;1;225;0,06640625;1,000434;127,5;0,5;0;0;1;14;19,56;5,62
1;0;225;1;0;0;225;1202;0;0;0;0;0;0;2863764;2768896;0;832;832;1;16;16;1;225;0,06640625;1,00037;127,5;0,5;0;0;1;14;22,63;6,52
1;0;225;1;0;0;225;1202;0;0;0;0;0;0;3313300;3211264;0;896;896;1;16;16;1;225;0,06640625;1,000319;127,5;0,5;0;0;1;14;25,75;7,62
1;0;225;1;0;0;225;1202;0;0;0;0;0;0;3795604;3686400;0;960;960;1;16;16;1;225;0,06640625;1,000278;127,5;0,5;0;0;1;14;29,43;8,68
1;0;225;1;0;0;225;1202;0;0;0;0;0;0;4310676;4194304;0;1024;1024;1;16;16;1;225;0,06640625;1,000244;127,5;0,5;0;0;1;14;32,98;9,41
1;0;225;1;0;0;225;1202;0;0;0;0;0;0;4858516;4734976;0;1088;1088;1;16;16;1;225;0,06640625;1,000216;127,5;0,5;0;0;1;14;37,28;11,13
1;0;225;1;0;0;225;1202;0;0;0;0;0;0;5439124;5308416;0;1152;1152;1;16;16;1;225;0,06640625;1,000193;127,5;0,5;0;0;1;14;41,17;12,47
1;0;225;1;0;0;225;1202;0;0;0;0;0;0;6052500;5914624;0;1216;1216;1;16;16;1;225;0,06640625;1,000173;127,5;0,5;0;0;1;14;45,5;14,54
1;0;225;1;0;0;225;1202;0;0;0;0;0;0;6698644;6553600;0;1280;1280;1;16;16;1;225;0,06640625;1,000156;127,5;0,5;0;0;1;14;50,43;15,34
1;0;225;1;0;0;225;1202;0;0;0;0;0;0;7377556;7225344;0;1344;1344;1;16;16;1;225;0,06640625;1,000142;127,5;0,5;0;0;1;14;55,38;17,05
1;0;225;1;0;0;225;1202;0;0;0;0;0;0;8089236;7929856;0;1408;1408;1;16;16;1;225;0,06640625;1,000129;127,5;0,5;0;0;1;14;60,78;18,76
1;0;225;1;0;0;225;1202;0;0;0;0;0;0;8833684;8667136;0;1472;1472;1;16;16;1;225;0,06640625;1,000118;127,5;0,5;0;0;1;14;66,29;20,34
1;0;225;1;0;0;225;1202;0;0;0;0;0;0;9610900;9437184;0;1536;1536;1;16;16;1;225;0,06640625;1,000108;127,5;0,5;0;0;1;14;72,21;21,4
1;0;225;1;0;0;225;1202;0;0;0;0;0;0;10420884;10240000;0;1600;1600;1;16;16;1;225;0,06640625;1,0001;127,5;0,5;0;0;1;14;78,04;23,25
1;0;225;1;0;0;225;1202;0;0;0;0;0;0;11263636;11075584;0;1664;1664;1;16;16;1;225;0,06640625;1,000093;127,5;0,5;0;0;1;14;84,23;24,85
1;0;225;1;0;0;225;1202;0;0;0;0;0;0;12139156;11943936;0;1728;1728;1;16;16;1;225;0,06640625;1,000086;127,5;0,5;0;0;1;14;90,41;26,53
1;0;225;1;0;0;225;1202;0;0;0;0;0;0;13047444;12845056;0;1792;1792;1;16;16;1;225;0,06640625;1,00008;127,5;0,5;0;0;1;14;97,79;29,83
1;0;225;1;0;0;225;1202;0;0;0;0;0;0;13988500;13778944;0;1856;1856;1;16;16;1;225;0,06640625;1,000074;127,5;0,5;0;0;1;14;103,58;32,25
1;0;225;1;0;0;225;1202;0;0;0;0;0;0;14962324;14745600;0;1920;1920;1;16;16;1;225;0,06640625;1,000069;127,5;0,5;0;0;1;14;111,32;34,08
1;0;225;1;0;0;225;1202;0;0;0;0;0;0;15968916;15745024;0;1984;1984;1;16;16;1;225;0,06640625;1,000065;127,5;0,5;0;0;1;14;118,47;36,13
1;0;225;1;0;0;225;1202;0;0;0;0;0;0;17008276;16777216;0;2048;2048;1;16;16;1;225;0,06640625;1,000061;127,5;0,5;0;0;1;14;126,06;39,25
1;0;289;1;0;0;289;1532;0;0;0;0;0;0;26756;16384;0;64;64;1;16;16;1;289;0,06640625;1,0625;127,5;0,5;0;0;1;32;1,59;1,12
1;0;289;1;0;0;289;1532;0;0;0;0;0;0;84100;65536;0;128;128;1;16;16;1;289;0,06640625;1,015625;127,5;0,5;0;0;1;32;2,15;1,25
1;0;289;1;0;0;289;1532;0;0;0;0;0;0;174212;147456;0;192;192;1;16;16;1;289;0,06640625;1,006944;127,5;0,5;0;0;1;32;2,88;1,49
1;0;289;1;0;0;289;1532;0;0;0;0;0;0;297092;262144;0;256;256;1;16;16;1;289;0,06640625;1,003906;127,5;0,5;0;0;1;32;3,92;1,68
1;0;289;1;0;0;289;1532;0;0;0;0;0;0;452740;409600;0;320;320;1;16;16;1;289;0,06640625;1,0025;127,5;0,5;0;0;1;32;5,27;2,02
1;0;289;1;0;0;289;1532;0;0;0;0;0;0;641156;589824;0;384;384;1;16;16;1;289;0,06640625;1,001736;127,5;0,5;0;0;1;32;7,2;2,37
1;0;289;1;0;0;289;1532;0;0;0;0;0;0;862340;802816;0;448;448;1;16;16;1;289;0,06640625;1,001276;127,5;0,5;0;0;1;32;9,19;3
1;0;289;1;0;0;289;1532;0;0;0;0;0;0;1116292;1048576;0;512;512;1;16;16;1;289;0,06640625;1,000977;127,5;0,5;0;0;1;32;11,96;3,46
1;0;289;1;0;0;289;1532;0;0;0;0;0;0;1403012;1327104;0;576;576;1;16;16;1;289;0,06640625;1,000772;127,5;0,5;0;0;1;32;14,4;4,2
1;0;289;1;0;0;289;1532;0;0;0;0;0;0;1722500;1638400;0;640;640;1;16;16;1;289;0,06640625;1,000625;127,5;0,5;0;0;1;32;17,23;4,98
1;0;289;1;0;0;289;1532;0;0;0;0;0;0;2074756;1982464;0;704;704;1;16;16;1;289;0,06640625;1,000517;127,5;0,5;0;0;1;32;20,64;5,78
1;0;289;1;0;0;289;1532;0;0;0;0;0;0;2459780;2359296;0;768;768;1;16;16;1;289;0,06640625;1,000434;127,5;0,5;0;0;1;32;23,67;6,91
1;0;289;1;0;0;289;1532;0;0;0;0;0;0;2877572;2768896;0;832;832;1;16;16;1;289;0,06640625;1,00037;127,5;0,5;0;0;1;32;27,54;7,91
1;0;289;1;0;0;289;1532;0;0;0;0;0;0;3328132;3211264;0;896;896;1;16;16;1;289;0,06640625;1,000319;127,5;0,5;0;0;1;32;31,97;9,81
1;0;289;1;0;0;289;1532;0;0;0;0;0;0;3811460;3686400;0;960;960;1;16;16;1;289;0,06640625;1,000278;127,5;0,5;0;0;1;32;35,89;11,89
1;0;289;1;0;0;289;1532;0;0;0;0;0;0;4327556;4194304;0;1024;1024;1;16;16;1;289;0,06640625;1,000244;127,5;0,5;0;0;1;32;40,7;12,43
1;0;289;1;0;0;289;1532;0;0;0;0;0;0;4876420;4734976;0;1088;1088;1;16;16;1;289;0,06640625;1,000216;127,5;0,5;0;0;1;32;45,51;14,47
1;0;289;1;0;0;289;1532;0;0;0;0;0;0;5458052;5308416;0;1152;1152;1;16;16;1;289;0,06640625;1,000193;127,5;0,5;0;0;1;32;51,4;16,06
1;0;289;1;0;0;289;1532;0;0;0;0;0;0;6072452;5914624;0;1216;1216;1;16;16;1;289;0,06640625;1,000173;127,5;0,5;0;0;1;32;56,61;17,31
1;0;289;1;0;0;289;1532;0;0;0;0;0;0;6719620;6553600;0;1280;1280;1;16;16;1;289;0,06640625;1,000156;127,5;0,5;0;0;1;32;62,59;18,69
1;0;289;1;0;0;289;1532;0;0;0;0;0;0;7399556;7225344;0;1344;1344;1;16;16;1;289;0,06640625;1,000142;127,5;0,5;0;0;1;32;68,74;21,41
1;0;289;1;0;0;289;1532;0;0;0;0;0;0;8112260;7929856;0;1408;1408;1;16;16;1;289;0,06640625;1,000129;127,5;0,5;0;0;1;32;74,76;24,05
1;0;289;1;0;0;289;1532;0;0;0;0;0;0;8857732;8667136;0;1472;1472;1;16;16;1;289;0,06640625;1,000118;127,5;0,5;0;0;1;32;82,83;26,19
1;0;289;1;0;0;289;1532;0;0;0;0;0;0;9635972;9437184;0;1536;1536;1;16;16;1;289;0,06640625;1,000108;127,5;0,5;0;0;1;32;89,26;28,19
1;0;289;1;0;0;289;1532;0;0;0;0;0;0;10446980;10240000;0;1600;1600;1;16;16;1;289;0,06640625;1,0001;127,5;0,5;0;0;1;32;95,8;31,12
1;0;289;1;0;0;289;1532;0;0;0;0;0;0;11290756;11075584;0;1664;1664;1;16;16;1;289;0,06640625;1,000093;127,5;0,5;0;0;1;32;104,28;32,33
1;0;289;1;0;0;289;1532;0;0;0;0;0;0;12167300;11943936;0;1728;1728;1;16;16;1;289;0,06640625;1,000086;127,5;0,5;0;0;1;32;111,46;35,65
1;0;289;1;0;0;289;1532;0;0;0;0;0;0;13076612;12845056;0;1792;1792;1;16;16;1;289;0,06640625;1,00008;127,5;0,5;0;0;1;32;120,14;37,79
1;0;289;1;0;0;289;1532;0;0;0;0;0;0;14018692;13778944;0;1856;1856;1;16;16;1;289;0,06640625;1,000074;127,5;0,5;0;0;1;32;128,53;41,03
1;0;289;1;0;0;289;1532;0;0;0;0;0;0;14993540;14745600;0;1920;1920;1;16;16;1;289;0,06640625;1,000069;127,5;0,5;0;0;1;32;137,45;44,69
1;0;289;1;0;0;289;1532;0;0;0;0;0;0;16001156;15745024;0;1984;1984;1;16;16;1;289;0,06640625;1,000065;127,5;0,5;0;0;1;32;148,85;44,98
1;0;289;1;0;0;289;1532;0;0;0;0;0;0;17041540;16777216;0;2048;2048;1;16;16;1;289;0,06640625;1,000061;127,5;0,5;0;0;1;32;155,13;48,03
1;0;361;1;0;0;361;1902;0;0;0;0;0;0;28340;16384;0;64;64;1;16;16;1;361;0,06640625;1,0625;127,5;0,5;0;0;1;36;1,47;1,12
1;0;361;1;0;0;361;1902;0;0;0;0;0;0;86708;65536;0;128;128;1;16;16;1;361;0,06640625;1,015625;127,5;0,5;0;0;1;36;2,02;1,27
1;0;361;1;0;0;361;1902;0;0;0;0;0;0;177844;147456;0;192;192;1;16;16;1;361;0,06640625;1,006944;127,5;0,5;0;0;1;36;2,95;1,54
1;0;361;1;0;0;361;1902;0;0;0;0;0;0;301748;262144;0;256;256;1;16;16;1;361;0,06640625;1,003906;127,5;0,5;0;0;1;36;4,44;1,85
1;0;361;1;0;0;361;1902;0;0;0;0;0;0;458420;409600;0;320;320;1;16;16;1;361;0,06640625;1,0025;127,5;0,5;0;0;1;36;6,08;2,2
1;0;361;1;0;0;361;1902;0;0;0;0;0;0;647860;589824;0;384;384;1;16;16;1;361;0,06640625;1,001736;127,5;0,5;0;0;1;36;8,52;2,77
1;0;361;1;0;0;361;1902;0;0;0;0;0;0;870068;802816;0;448;448;1;16;16;1;361;0,06640625;1,001276;127,5;0,5;0;0;1;36;11,13;3,28
1;0;361;1;0;0;361;1902;0;0;0;0;0;0;1125044;1048576;0;512;512;1;16;16;1;361;0,06640625;1,000977;127,5;0,5;0;0;1;36;14,19;4,01
1;0;361;1;0;0;361;1902;0;0;0;0;0;0;1412788;1327104;0;576;576;1;16;16;1;361;0,06640625;1,000772;127,5;0,5;0;0;1;36;17,16;4,78
1;0;361;1;0;0;361;1902;0;0;0;0;0;0;1733300;1638400;0;640;640;1;16;16;1;361;0,06640625;1,000625;127,5;0,5;0;0;1;36;20,59;5,68
1;0;361;1;0;0;361;1902;0;0;0;0;0;0;2086580;1982464;0;704;704;1;16;16;1;361;0,06640625;1,000517;127,5;0,5;0;0;1;36;24,59;6,87
1;0;361;1;0;0;361;1902;0;0;0;0;0;0;2472628;2359296;0;768;768;1;16;16;1;361;0,06640625;1,000434;127,5;0,5;0;0;1;36;28,92;8,07
1;0;361;1;0;0;361;1902;0;0;0;0;0;0;2891444;2768896;0;832;832;1;16;16;1;361;0,06640625;1,00037;127,5;0,5;0;0;1;36;33,76;9,41
1;0;361;1;0;0;361;1902;0;0;0;0;0;0;3343028;3211264;0;896;896;1;16;16;1;361;0,06640625;1,000319;127,5;0,5;0;0;1;36;38,58;10,89
1;0;361;1;0;0;361;1902;0;0;0;0;0;0;3827380;3686400;0;960;960;1;16;16;1;361;0,06640625;1,000278;127,5;0,5;0;0;1;36;43,96;13,06
1;0;361;1;0;0;361;1902;0;0;0;0;0;0;4344500;4194304;0;1024;1024;1;16;16;1;361;0,06640625;1,000244;127,5;0,5;0;0;1;36;49,76;14,23
1;0;361;1;0;0;361;1902;0;0;0;0;0;0;4894388;4734976;0;1088;1088;1;16;16;1;361;0,06640625;1,000216;127,5;0,5;0;0;1;36;56,15;16,49
1;0;361;1;0;0;361;1902;0;0;0;0;0;0;5477044;5308416;0;1152;1152;1;16;16;1;361;0,06640625;1,000193;127,5;0,5;0;0;1;36;62,65;18,53
1;0;361;1;0;0;361;1902;0;0;0;0;0;0;6092468;5914624;0;1216;1216;1;16;16;1;361;0,06640625;1,000173;127,5;0,5;0;0;1;36;69,73;20,26
1;0;361;1;0;0;361;1902;0;0;0;0;0;0;6740660;6553600;0;1280;1280;1;16;16;1;361;0,06640625;1,000156;127,5;0,5;0;0;1;36;76,72;22,89
1;0;361;1;0;0;361;1902;0;0;0;0;0;0;7421620;7225344;0;1344;1344;1;16;16;1;361;0,06640625;1,000142;127,5;0,5;0;0;1;36;84,53;24,35
1;0;361;1;0;0;361;1902;0;0;0;0;0;0;8135348;7929856;0;1408;1408;1;16;16;1;361;0,06640625;1,000129;127,5;0,5;0;0;1;36;92,39;26,84
1;0;361;1;0;0;361;1902;0;0;0;0;0;0;8881844;8667136;0;1472;1472;1;16;16;1;361;0,06640625;1,000118;127,5;0,5;0;0;1;36;100,89;28,74
1;0;361;1;0;0;361;1902;0;0;0;0;0;0;9661108;9437184;0;1536;1536;1;16;16;1;361;0,06640625;1,000108;127,5;0,5;0;0;1;36;109,7;31,95
1;0;361;1;0;0;361;1902;0;0;0;0;0;0;10473140;10240000;0;1600;1600;1;16;16;1;361;0,06640625;1,0001;127,5;0,5;0;0;1;36;118,87;34,66
1;0;361;1;0;0;361;1902;0;0;0;0;0;0;11317940;11075584;0;1664;1664;1;16;16;1;361;0,06640625;1,000093;127,5;0,5;0;0;1;36;128,82;37,35
1;0;361;1;0;0;361;1902;0;0;0;0;0;0;12195508;11943936;0;1728;1728;1;16;16;1;361;0,06640625;1,000086;127,5;0,5;0;0;1;36;139,34;39,68
1;0;361;1;0;0;361;1902;0;0;0;0;0;0;13105844;12845056;0;1792;1792;1;16;16;1;361;0,06640625;1,00008;127,5;0,5;0;0;1;36;148,88;47,51
1;0;361;1;0;0;361;1902;0;0;0;0;0;0;14048948;13778944;0;1856;1856;1;16;16;1;361;0,06640625;1,000074;127,5;0,5;0;0;1;36;159,26;45,39
1;0;361;1;0;0;361;1902;0;0;0;0;0;0;15024820;14745600;0;1920;1920;1;16;16;1;361;0,06640625;1,000069;127,5;0,5;0;0;1;36;170,63;54,2
1;0;361;1;0;0;361;1902;0;0;0;0;0;0;16033460;15745024;0;1984;1984;1;16;16;1;361;0,06640625;1,000065;127,5;0,5;0;0;1;36;181,93;56,2
1;0;361;1;0;0;361;1902;0;0;0;0;0;0;17074868;16777216;0;2048;2048;1;16;16;1;361;0,06640625;1,000061;127,5;0,5;0;0;1;36;193,74;63,78
Training sample index;Branch count;Read accesses to global memory (per thread);Write accesses to global memory (per thread);Read accesses to local memory (per thread);Write accesses to local memory (per thread);Read accesses to constant memory (per thread);Arithmetic operations (per thread);Logic operations (per thread);Bitwise operations (per thread);Comparison operations (per thread);Pown operations (per thread);Sqrt operations (per thread);Hypot operations (per thread);Data size transf from host to device (bytes);Data size transf from device to host (bytes);Data size allocated locally (bytes);Global work size dim 1 (number of threads);Global work size dim 2 (number of threads);Global work size dim 3 (number of threads);Local work size dim 1 (number of threads);Local work size dim 2 (number of threads);Local work size dim 3 (number of threads);Loop iterations;Intra cache usage global;Inter cache usage global;Intra collision global;Intra cohaleshing global;Intra cache usage local;Intra collision local;Intra cohaleshing local;Cache Misses;GeForce GT 650M Completion Time (ms);      Intel(R) Core(TM) i7-3740QM CPU @ 2.70GHz Completion Time (ms)
2;2;1;1;1;1;0;14;0;0;4;0;0;0;16384;16384;1088;64;64;1;16;16;1;0;0,0625;1;0;1;0,0625;0;0;0;1,98;1,45
2;2;1;1;1;1;0;14;0;0;4;0;0;0;65536;65536;1088;128;128;1;16;16;1;0;0,0625;1;0;1;0,0625;0;0;0;1,6;1,51
2;2;1;1;1;1;0;14;0;0;4;0;0;0;147456;147456;1088;192;192;1;16;16;1;0;0,0625;1;0;1;0,0625;0;0;0;1,99;1,51
2;2;1;1;1;1;0;14;0;0;4;0;0;0;262144;262144;1088;256;256;1;16;16;1;0;0,0625;1;0;1;0,0625;0;0;0;2,01;1,53
2;2;1;1;1;1;0;14;0;0;4;0;0;0;409600;409600;1088;320;320;1;16;16;1;0;0,0625;1;0;1;0,0625;0;0;0;1,81;1,6
2;2;1;1;1;1;0;14;0;0;4;0;0;0;589824;589824;1088;384;384;1;16;16;1;0;0,0625;1;0;1;0,0625;0;0;0;2,51;1,64
2;2;1;1;1;1;0;14;0;0;4;0;0;0;802816;802816;1088;448;448;1;16;16;1;0;0,0625;1;0;1;0,0625;0;0;0;2,65;1,66
2;2;1;1;1;1;0;14;0;0;4;0;0;0;1048576;1048576;1088;512;512;1;16;16;1;0;0,0625;1;0;1;0,0625;0;0;0;2,86;1,73
2;2;1;1;1;1;0;14;0;0;4;0;0;0;1327104;1327104;1088;576;576;1;16;16;1;0;0,0625;1;0;1;0,0625;0;0;0;3,01;1,84
2;2;1;1;1;1;0;14;0;0;4;0;0;0;1638400;1638400;1088;640;640;1;16;16;1;0;0,0625;1;0;1;0,0625;0;0;0;3,52;1,91
2;2;1;1;1;1;0;14;0;0;4;0;0;0;1982464;1982464;1088;704;704;1;16;16;1;0;0,0625;1;0;1;0,0625;0;0;0;3,96;2
2;2;1;1;1;1;0;14;0;0;4;0;0;0;2359296;2359296;1088;768;768;1;16;16;1;0;0,0625;1;0;1;0,0625;0;0;0;4,22;2,14
2;2;1;1;1;1;0;14;0;0;4;0;0;0;2768896;2768896;1088;832;832;1;16;16;1;0;0,0625;1;0;1;0,0625;0;0;0;4,45;2,27
2;2;1;1;1;1;0;14;0;0;4;0;0;0;3211264;3211264;1088;896;896;1;16;16;1;0;0,0625;1;0;1;0,0625;0;0;0;5,05;2,57
2;2;1;1;1;1;0;14;0;0;4;0;0;0;3686400;3686400;1088;960;960;1;16;16;1;0;0,0625;1;0;1;0,0625;0;0;0;4,97;2,64
2;2;1;1;1;1;0;14;0;0;4;0;0;0;4194304;4194304;1088;1024;1024;1;16;16;1;0;0,0625;1;0;1;0,0625;0;0;0;5,41;2,93
2;2;1;1;1;1;0;14;0;0;4;0;0;0;4734976;4734976;1088;1088;1088;1;16;16;1;0;0,0625;1;0;1;0,0625;0;0;0;5,52;3,08
2;2;1;1;1;1;0;14;0;0;4;0;0;0;5308416;5308416;1088;1152;1152;1;16;16;1;0;0,0625;1;0;1;0,0625;0;0;0;5,66;3,22
2;2;1;1;1;1;0;14;0;0;4;0;0;0;5914624;5914624;1088;1216;1216;1;16;16;1;0;0,0625;1;0;1;0,0625;0;0;0;6,38;3,31
2;2;1;1;1;1;0;14;0;0;4;0;0;0;6553600;6553600;1088;1280;1280;1;16;16;1;0;0,0625;1;0;1;0,0625;0;0;0;6,81;3,5
2;2;1;1;1;1;0;14;0;0;4;0;0;0;7225344;7225344;1088;1344;1344;1;16;16;1;0;0,0625;1;0;1;0,0625;0;0;0;7,38;4,28
2;2;1;1;1;1;0;14;0;0;4;0;0;0;7929856;7929856;1088;1408;1408;1;16;16;1;0;0,0625;1;0;1;0,0625;0;0;0;7,6;3,79
2;2;1;1;1;1;0;14;0;0;4;0;0;0;8667136;8667136;1088;1472;1472;1;16;16;1;0;0,0625;1;0;1;0,0625;0;0;0;8,24;4,13
2;2;1;1;1;1;0;14;0;0;4;0;0;0;9437184;9437184;1088;1536;1536;1;16;16;1;0;0,0625;1;0;1;0,0625;0;0;0;8,48;4,44
2;2;1;1;1;1;0;14;0;0;4;0;0;0;10240000;10240000;1088;1600;1600;1;16;16;1;0;0,0625;1;0;1;0,0625;0;0;0;9,17;4,87
2;2;1;1;1;1;0;14;0;0;4;0;0;0;11075584;11075584;1088;1664;1664;1;16;16;1;0;0,0625;1;0;1;0,0625;0;0;0;9,74;4,64
2;2;1;1;1;1;0;14;0;0;4;0;0;0;11943936;11943936;1088;1728;1728;1;16;16;1;0;0,0625;1;0;1;0,0625;0;0;0;10,21;5,28
2;2;1;1;1;1;0;14;0;0;4;0;0;0;12845056;12845056;1088;1792;1792;1;16;16;1;0;0,0625;1;0;1;0,0625;0;0;0;10,8;5,22
2;2;1;1;1;1;0;14;0;0;4;0;0;0;13778944;13778944;1088;1856;1856;1;16;16;1;0;0,0625;1;0;1;0,0625;0;0;0;11,73;5,58
2;2;1;1;1;1;0;14;0;0;4;0;0;0;14745600;14745600;1088;1920;1920;1;16;16;1;0;0,0625;1;0;1;0,0625;0;0;0;11,9;5,84
2;2;1;1;1;1;0;14;0;0;4;0;0;0;15745024;15745024;1088;1984;1984;1;16;16;1;0;0,0625;1;0;1;0,0625;0;0;0;12,52;6,18
2;2;1;1;1;1;0;14;0;0;4;0;0;0;16777216;16777216;1088;2048;2048;1;16;16;1;0;0,0625;1;0;1;0,0625;0;0;0;13,16;6,7
2;2;1;1;1;1;0;14;0;0;4;0;0;0;17842176;17842176;1088;2112;2112;1;16;16;1;0;0,0625;1;0;1;0,0625;0;0;0;13,91;7,23
2;2;1;1;1;1;0;14;0;0;4;0;0;0;18939904;18939904;1088;2176;2176;1;16;16;1;0;0,0625;1;0;1;0,0625;0;0;0;14,56;6,86
2;2;1;1;1;1;0;14;0;0;4;0;0;0;20070400;20070400;1088;2240;2240;1;16;16;1;0;0,0625;1;0;1;0,0625;0;0;0;15,04;7,44
2;2;1;1;1;1;0;14;0;0;4;0;0;0;21233664;21233664;1088;2304;2304;1;16;16;1;0;0,0625;1;0;1;0,0625;0;0;0;15,85;7,62
2;2;1;1;1;1;0;14;0;0;4;0;0;0;22429696;22429696;1088;2368;2368;1;16;16;1;0;0,0625;1;0;1;0,0625;0;0;0;16,37;8,06
2;2;1;1;1;1;0;14;0;0;4;0;0;0;23658496;23658496;1088;2432;2432;1;16;16;1;0;0,0625;1;0;1;0,0625;0;0;0;17,36;8,34
2;2;1;1;1;1;0;14;0;0;4;0;0;0;24920064;24920064;1088;2496;2496;1;16;16;1;0;0,0625;1;0;1;0,0625;0;0;0;17,91;9
2;2;1;1;1;1;0;14;0;0;4;0;0;0;26214400;26214400;1088;2560;2560;1;16;16;1;0;0,0625;1;0;1;0,0625;0;0;0;18,99;9,1
2;2;1;1;1;1;0;14;0;0;4;0;0;0;27541504;27541504;1088;2624;2624;1;16;16;1;0;0,0625;1;0;1;0,0625;0;0;0;19,97;9,39
2;2;1;1;1;1;0;14;0;0;4;0;0;0;28901376;28901376;1088;2688;2688;1;16;16;1;0;0,0625;1;0;1;0,0625;0;0;0;20,58;9,78
2;2;1;1;1;1;0;14;0;0;4;0;0;0;30294016;30294016;1088;2752;2752;1;16;16;1;0;0,0625;1;0;1;0,0625;0;0;0;21,49;9,95
2;2;1;1;1;1;0;14;0;0;4;0;0;0;31719424;31719424;1088;2816;2816;1;16;16;1;0;0,0625;1;0;1;0,0625;0;0;0;22,3;10,97
2;2;1;1;1;1;0;14;0;0;4;0;0;0;33177600;33177600;1088;2880;2880;1;16;16;1;0;0,0625;1;0;1;0,0625;0;0;0;23,04;11,43
2;2;1;1;1;1;0;14;0;0;4;0;0;0;34668544;34668544;1088;2944;2944;1;16;16;1;0;0,0625;1;0;1;0,0625;0;0;0;24;11,33
2;2;1;1;1;1;0;14;0;0;4;0;0;0;36192256;36192256;1088;3008;3008;1;16;16;1;0;0,0625;1;0;1;0,0625;0;0;0;24,9;11,65
2;2;1;1;1;1;0;14;0;0;4;0;0;0;37748736;37748736;1088;3072;3072;1;16;16;1;0;0,0625;1;0;1;0,0625;0;0;0;25,47;12,53
2;2;1;1;1;1;0;14;0;0;4;0;0;0;39337984;39337984;1088;3136;3136;1;16;16;1;0;0,0625;1;0;1;0,0625;0;0;0;26,52;12,62
2;2;1;1;1;1;0;14;0;0;4;0;0;0;40960000;40960000;1088;3200;3200;1;16;16;1;0;0,0625;1;0;1;0,0625;0;0;0;27,49;13,25
2;2;1;1;1;1;0;14;0;0;4;0;0;0;42614784;42614784;1088;3264;3264;1;16;16;1;0;0,0625;1;0;1;0,0625;0;0;0;28,68;14,15
2;2;1;1;1;1;0;14;0;0;4;0;0;0;44302336;44302336;1088;3328;3328;1;16;16;1;0;0,0625;1;0;1;0,0625;0;0;0;29,97;14,1
2;2;1;1;1;1;0;14;0;0;4;0;0;0;46022656;46022656;1088;3392;3392;1;16;16;1;0;0,0625;1;0;1;0,0625;0;0;0;30,32;14,35
2;2;1;1;1;1;0;14;0;0;4;0;0;0;47775744;47775744;1088;3456;3456;1;16;16;1;0;0,0625;1;0;1;0,0625;0;0;0;31,71;15,05
2;2;1;1;1;1;0;14;0;0;4;0;0;0;49561600;49561600;1088;3520;3520;1;16;16;1;0;0,0625;1;0;1;0,0625;0;0;0;33,01;15,44
2;2;1;1;1;1;0;14;0;0;4;0;0;0;51380224;51380224;1088;3584;3584;1;16;16;1;0;0,0625;1;0;1;0,0625;0;0;0;33,65;16,27
2;2;1;1;1;1;0;14;0;0;4;0;0;0;53231616;53231616;1088;3648;3648;1;16;16;1;0;0,0625;1;0;1;0,0625;0;0;0;34,69;17,43
2;2;1;1;1;1;0;14;0;0;4;0;0;0;55115776;55115776;1088;3712;3712;1;16;16;1;0;0,0625;1;0;1;0,0625;0;0;0;35,77;17,18
2;2;1;1;1;1;0;14;0;0;4;0;0;0;57032704;57032704;1088;3776;3776;1;16;16;1;0;0,0625;1;0;1;0,0625;0;0;0;36,95;17,67
2;2;1;1;1;1;0;14;0;0;4;0;0;0;58982400;58982400;1088;3840;3840;1;16;16;1;0;0,0625;1;0;1;0,0625;0;0;0;38,25;18,2
2;2;1;1;1;1;0;14;0;0;4;0;0;0;60964864;60964864;1088;3904;3904;1;16;16;1;0;0,0625;1;0;1;0,0625;0;0;0;39,19;18,63
2;2;1;1;1;1;0;14;0;0;4;0;0;0;62980096;62980096;1088;3968;3968;1;16;16;1;0;0,0625;1;0;1;0,0625;0;0;0;40,56;19,54
2;2;1;1;1;1;0;14;0;0;4;0;0;0;65028096;65028096;1088;4032;4032;1;16;16;1;0;0,0625;1;0;1;0,0625;0;0;0;41,77;21,18
2;2;1;1;1;1;0;14;0;0;4;0;0;0;67108864;67108864;1088;4096;4096;1;16;16;1;0;0,0625;1;0;1;0,0625;0;0;0;42,65;22,81
