Branch count (per thread);Read accesses to global memory (per thread);Write accesses to global memory (per thread);Read accesses to local memory (per thread);Write accesses to local memory (per thread);Read accesses to constant memory (per thread);Arithmetic operations (per thread);Logic operations (per thread);Bitwise operations (per thread);Comparison operations (per thread);Pown operations (per thread);Sqrt operations (per thread);Hypot operations (per thread);Data size transf from host to device (bytes);Data size transf from device to host (bytes);Data size allocated locally (bytes);Global work size dim 1 (number of threads);Global work size dim 2 (number of threads);Global work size dim 3 (number of threads);Local work size dim 1 (number of threads);Local work size dim 2 (number of threads);Local work size dim 3 (number of threads);Kernel calls;Computation density;Memory access density;Tahiti Completion Time (ms);Devastator Completion Time (ms);AMD A10-5800K APU with Radeon(tm) HD Graphics   Completion Time (ms);Agorithm
0;2;1;0;0;0;1;0;0;0;0;0;0;16384;8192;0;2048;1;1;128;1;1;1;0,083;0,167;1,19;1,17;0,93;0
0;2;1;0;0;0;1;0;0;0;0;0;0;32768;16384;0;4096;1;1;128;1;1;1;0,083;0,167;1,25;1,23;0,95;0
0;2;1;0;0;0;1;0;0;0;0;0;0;65536;32768;0;8192;1;1;128;1;1;1;0,083;0,167;1,30;1,28;0,91;0
0;2;1;0;0;0;1;0;0;0;0;0;0;131072;65536;0;16384;1;1;128;1;1;1;0,083;0,167;1,39;1,37;0,94;0
0;2;1;0;0;0;1;0;0;0;0;0;0;262144;131072;0;32768;1;1;128;1;1;1;0,083;0,167;1,37;1,32;1,02;0
0;2;1;0;0;0;1;0;0;0;0;0;0;524288;262144;0;65536;1;1;128;1;1;1;0,083;0,167;2,05;1,59;1,26;0
0;2;1;0;0;0;1;0;0;0;0;0;0;1048576;524288;0;131072;1;1;128;1;1;1;0,083;0,167;2,18;1,94;1,37;0
0;2;1;0;0;0;1;0;0;0;0;0;0;2097152;1048576;0;262144;1;1;128;1;1;1;0,083;0,167;2,68;2,50;2,12;0
0;2;1;0;0;0;1;0;0;0;0;0;0;4194304;2097152;0;524288;1;1;128;1;1;1;0,083;0,167;3,72;3,40;2,67;0
0;2;1;0;0;0;1;0;0;0;0;0;0;8388608;4194304;0;1048576;1;1;128;1;1;1;0,083;0,167;5,73;5,04;4,35;0
0;2;1;0;0;0;1;0;0;0;0;0;0;16777216;8388608;0;2097152;1;1;128;1;1;1;0,083;0,167;9,66;8,42;7,66;0
0;2;1;0;0;0;1;0;0;0;0;0;0;33554432;16777216;0;4194304;1;1;128;1;1;1;0,083;0,167;18,25;14,78;14,80;0
0;2;1;0;0;0;1;0;0;0;0;0;0;67108864;33554432;0;8388608;1;1;128;1;1;1;0,083;0,167;35,07;30,55;28,94;0
0;2;1;0;0;0;1;0;0;0;0;0;0;134217728;67108864;0;16777216;1;1;128;1;1;1;0,083;0,167;72,45;66,03;58,42;0
0;128;1;0;0;0;248;0;8;0;0;0;0;32768;16384;0;64;64;1;16;16;1;1;20,667;10,667;3,01;2,22;2,46;1
0;256;1;0;0;0;496;0;16;0;0;0;0;131072;65536;0;128;128;1;16;16;1;1;41,333;21,333;2,96;3,25;3,15;1
0;384;1;0;0;0;744;0;24;0;0;0;0;294912;147456;0;192;192;1;16;16;1;1;62,000;32,000;3,24;4,30;4,82;1
0;512;1;0;0;0;992;0;32;0;0;0;0;524288;262144;0;256;256;1;16;16;1;1;82,667;42,667;3,32;6,61;7,42;1
0;640;1;0;0;0;1240;0;40;0;0;0;0;819200;409600;0;320;320;1;16;16;1;1;103,333;53,333;4,13;12,34;12,63;1
0;768;1;0;0;0;1488;0;48;0;0;0;0;1179648;589824;0;384;384;1;16;16;1;1;124,000;64,000;4,77;18,54;20,47;1
0;896;1;0;0;0;1736;0;56;0;0;0;0;1605632;802816;0;448;448;1;16;16;1;1;144,667;74,667;5,78;25,25;29,41;1
0;1024;1;0;0;0;1984;0;64;0;0;0;0;2097152;1048576;0;512;512;1;16;16;1;1;165,333;85,333;7,51;35,61;43,94;1
0;1152;1;0;0;0;2232;0;72;0;0;0;0;2654208;1327104;0;576;576;1;16;16;1;1;186,000;96,000;10,70;48,34;61,08;1
0;1280;1;0;0;0;2480;0;80;0;0;0;0;3276800;1638400;0;640;640;1;16;16;1;1;206,667;106,667;14,43;64,34;82,73;1
0;1408;1;0;0;0;2728;0;88;0;0;0;0;3964928;1982464;0;704;704;1;16;16;1;1;227,333;117,333;17,48;83,65;109,93;1
0;1536;1;0;0;0;2976;0;96;0;0;0;0;4718592;2359296;0;768;768;1;16;16;1;1;248,000;128,000;9,30;106,68;141,00;1
0;1664;1;0;0;0;3224;0;104;0;0;0;0;5537792;2768896;0;832;832;1;16;16;1;1;268,667;138,667;10,92;133,58;178,53;1
0;1792;1;0;0;0;3472;0;112;0;0;0;0;6422528;3211264;0;896;896;1;16;16;1;1;289,333;149,333;12,87;165,41;221,64;1
0;1920;1;0;0;0;3720;0;120;0;0;0;0;7372800;3686400;0;960;960;1;16;16;1;1;310,000;160,000;16,13;201,48;272,31;1
0;2048;1;0;0;0;3968;0;128;0;0;0;0;8388608;4194304;0;1024;1024;1;16;16;1;1;330,667;170,667;26,54;243,69;340,92;1
0;2176;1;0;0;0;4216;0;136;0;0;0;0;9469952;4734976;0;1088;1088;1;16;16;1;1;351,333;181,333;22,00;290,74;395,67;1
0;2304;1;0;0;0;4464;0;144;0;0;0;0;10616832;5308416;0;1152;1152;1;16;16;1;1;372,000;192,000;25,99;343,81;469,23;1
0;2432;1;0;0;0;4712;0;152;0;0;0;0;11829248;5914624;0;1216;1216;1;16;16;1;1;392,667;202,667;28,00;402,38;552,67;1
0;2560;1;0;0;0;4960;0;160;0;0;0;0;13107200;6553600;0;1280;1280;1;16;16;1;1;413,333;213,333;35,20;469,20;645,34;1
0;2688;1;0;0;0;5208;0;168;0;0;0;0;14450688;7225344;0;1344;1344;1;16;16;1;1;434,000;224,000;36,29;541,51;746,73;1
0;2816;1;0;0;0;5456;0;176;0;0;0;0;15859712;7929856;0;1408;1408;1;16;16;1;1;454,667;234,667;44,04;621,37;860,65;1
0;2944;1;0;0;0;5704;0;184;0;0;0;0;17334272;8667136;0;1472;1472;1;16;16;1;1;475,333;245,333;46,43;708,78;982,29;1
0;3072;1;0;0;0;5952;0;192;0;0;0;0;18874368;9437184;0;1536;1536;1;16;16;1;1;496,000;256,000;81,41;805,34;1125,42;1
0;3200;1;0;0;0;6200;0;200;0;0;0;0;20480000;10240000;0;1600;1600;1;16;16;1;1;516,667;266,667;57,77;908,91;1263,74;1
0;3328;1;0;0;0;6448;0;208;0;0;0;0;22151168;11075584;0;1664;1664;1;16;16;1;1;537,333;277,333;69,43;1022,26;1423,57;1
0;3456;1;0;0;0;6696;0;216;0;0;0;0;23887872;11943936;0;1728;1728;1;16;16;1;1;558,000;288,000;74,05;1142,98;1592,12;1
0;3584;1;0;0;0;6944;0;224;0;0;0;0;25690112;12845056;0;1792;1792;1;16;16;1;1;578,667;298,667;93,97;1274,54;1779,58;1
0;3712;1;0;0;0;7192;0;232;0;0;0;0;27557888;13778944;0;1856;1856;1;16;16;1;1;599,333;309,333;89,95;1414,39;1974,51;1
0;3840;1;0;0;0;7440;0;240;0;0;0;0;29491200;14745600;0;1920;1920;1;16;16;1;1;620,000;320,000;102,50;1566,89;2197,16;1
0;3968;1;0;0;0;7688;0;248;0;0;0;0;31490048;15745024;0;1984;1984;1;16;16;1;1;640,667;330,667;107,94;1726,32;2421,57;1
0;4096;1;0;0;0;7936;0;256;0;0;0;0;33554432;16777216;0;2048;2048;1;16;16;1;1;661,333;341,333;161,27;1902,58;8775,71;1
0;8;1;128;8;0;213;0;0;0;0;0;0;32768;16384;2048;64;64;1;16;16;1;1;17,750;0,667;2,37;2,46;3,21;2
0;16;1;256;16;0;421;0;0;0;0;0;0;131072;65536;2048;128;128;1;16;16;1;1;35,083;1,333;2,63;2,42;5,09;2
0;24;1;384;24;0;629;0;0;0;0;0;0;294912;147456;2048;192;192;1;16;16;1;1;52,417;2,000;2,34;2,36;12,08;2
0;32;1;512;32;0;837;0;0;0;0;0;0;524288;262144;2048;256;256;1;16;16;1;1;69,750;2,667;2,66;3,15;24,90;2
0;40;1;640;40;0;1045;0;0;0;0;0;0;819200;409600;2048;320;320;1;16;16;1;1;87,083;3,333;3,02;4,06;40,77;2
0;48;1;768;48;0;1253;0;0;0;0;0;0;1179648;589824;2048;384;384;1;16;16;1;1;104,417;4,000;3,25;4,55;78,69;2
0;56;1;896;56;0;1461;0;0;0;0;0;0;1605632;802816;2048;448;448;1;16;16;1;1;121,750;4,667;3,54;6,10;110,79;2
0;64;1;1024;64;0;1669;0;0;0;0;0;0;2097152;1048576;2048;512;512;1;16;16;1;1;139,083;5,333;3,83;8,11;175,38;2
0;72;1;1152;72;0;1877;0;0;0;0;0;0;2654208;1327104;2048;576;576;1;16;16;1;1;156,417;6,000;4,29;11,47;238,99;2
0;80;1;1280;80;0;2085;0;0;0;0;0;0;3276800;1638400;2048;640;640;1;16;16;1;1;173,750;6,667;5,24;14,63;327,50;2
0;88;1;1408;88;0;2293;0;0;0;0;0;0;3964928;1982464;2048;704;704;1;16;16;1;1;191,083;7,333;5,67;18,53;437,35;2
0;96;1;1536;96;0;2501;0;0;0;0;0;0;4718592;2359296;2048;768;768;1;16;16;1;1;208,417;8,000;6,49;22,42;564,43;2
0;104;1;1664;104;0;2709;0;0;0;0;0;0;5537792;2768896;2048;832;832;1;16;16;1;1;225,750;8,667;7,43;26,97;720,00;2
0;112;1;1792;112;0;2917;0;0;0;0;0;0;6422528;3211264;2048;896;896;1;16;16;1;1;243,083;9,333;9,08;33,06;897,44;2
0;120;1;1920;120;0;3125;0;0;0;0;0;0;7372800;3686400;2048;960;960;1;16;16;1;1;260,417;10,000;10,07;39,32;1104,95;2
0;128;1;2048;128;0;3333;0;0;0;0;0;0;8388608;4194304;2048;1024;1024;1;16;16;1;1;277,750;10,667;12,98;45,73;1339,12;2
0;136;1;2176;136;0;3541;0;0;0;0;0;0;9469952;4734976;2048;1088;1088;1;16;16;1;1;295,083;11,333;15,31;53,89;1613,19;2
0;144;1;2304;144;0;3749;0;0;0;0;0;0;10616832;5308416;2048;1152;1152;1;16;16;1;1;312,417;12,000;17,61;63,36;1912,44;2
0;152;1;2432;152;0;3957;0;0;0;0;0;0;11829248;5914624;2048;1216;1216;1;16;16;1;1;329,750;12,667;8,47;73,31;2331,92;2
0;160;1;2560;160;0;4165;0;0;0;0;0;0;13107200;6553600;2048;1280;1280;1;16;16;1;1;347,083;13,333;9,89;84,14;2713,91;2
0;168;1;2688;168;0;4373;0;0;0;0;0;0;14450688;7225344;2048;1344;1344;1;16;16;1;1;364,417;14,000;10,57;97,05;3138,74;2
0;176;1;2816;176;0;4581;0;0;0;0;0;0;15859712;7929856;2048;1408;1408;1;16;16;1;1;381,750;14,667;11,48;110,21;3579,91;2
0;184;1;2944;184;0;4789;0;0;0;0;0;0;17334272;8667136;2048;1472;1472;1;16;16;1;1;399,083;15,333;13,00;124,78;4183,34;2
0;192;1;3072;192;0;4997;0;0;0;0;0;0;18874368;9437184;2048;1536;1536;1;16;16;1;1;416,417;16,000;14,50;140,26;4660,15;2
0;200;1;3200;200;0;5205;0;0;0;0;0;0;20480000;10240000;2048;1600;1600;1;16;16;1;1;433,750;16,667;16,83;157,77;5397,34;2
0;208;1;3328;208;0;5413;0;0;0;0;0;0;22151168;11075584;2048;1664;1664;1;16;16;1;1;451,083;17,333;21,19;176,87;6028,11;2
0;216;1;3456;216;0;5621;0;0;0;0;0;0;23887872;11943936;2048;1728;1728;1;16;16;1;1;468,417;18,000;23,00;197,28;6795,14;2
0;224;1;3584;224;0;5829;0;0;0;0;0;0;25690112;12845056;2048;1792;1792;1;16;16;1;1;485,750;18,667;26,78;218,43;7544,98;2
0;232;1;3712;232;0;6037;0;0;0;0;0;0;27557888;13778944;2048;1856;1856;1;16;16;1;1;503,083;19,333;28,15;242,37;8469,29;2
0;240;1;3840;240;0;6245;0;0;0;0;0;0;29491200;14745600;2048;1920;1920;1;16;16;1;1;520,417;20,000;31,67;267,12;9283,83;2
0;248;1;3968;248;0;6453;0;0;0;0;0;0;31490048;15745024;2048;1984;1984;1;16;16;1;1;537,750;20,667;32,92;294,41;10300,45;2
0;256;1;4096;256;0;6661;0;0;0;0;0;0;33554432;16777216;2048;2048;2048;1;16;16;1;1;555,083;21,333;40,31;322,99;11273,93;2
0;9;1;0;0;0;27;0;0;0;0;0;1;17424;16384;0;64;64;1;16;16;1;1;3,271;1,090;2,42;1,68;1,70;3
0;9;1;0;0;0;27;0;0;0;0;0;1;67600;65536;0;128;128;1;16;16;1;1;3,323;1,108;2,46;1,89;1,86;3
0;9;1;0;0;0;27;0;0;0;0;0;1;266256;262144;0;256;256;1;16;16;1;1;3,349;1,116;2,48;2,03;2,95;3
0;9;1;0;0;0;27;0;0;0;0;0;1;1056784;1048576;0;512;512;1;16;16;1;1;3,362;1,121;3,07;3,03;5,21;3
0;9;1;0;0;0;27;0;0;0;0;0;1;4210704;4194304;0;1024;1024;1;16;16;1;1;3,368;1,123;5,35;5,14;14,83;3
0;9;1;0;0;0;27;0;0;0;0;0;1;16810000;16777216;0;2048;2048;1;16;16;1;1;3,372;1,124;14,15;12,71;53,27;3
5,25;4125;1;0;0;4125;39,5;0;0;5,25;0;0;0;17460;16384;0;64;64;1;16;16;1;1;4,781;499,232;3,54;4,20;4,08;4
5,25;4125;1;0;0;4125;39,5;0;0;5,25;0;0;0;67636;65536;0;128;128;1;16;16;1;1;4,860;507,494;3,77;3,65;3,59;4
5,25;4125;1;0;0;4125;39,5;0;0;5,25;0;0;0;266292;262144;0;256;256;1;16;16;1;1;4,899;511,578;4,81;4,01;3,81;4
5,25;4125;1;0;0;4125;39,5;0;0;5,25;0;0;0;1056820;1048576;0;512;512;1;16;16;1;1;4,918;513,606;5,61;5,78;5,60;4
5,25;4125;1;0;0;4125;39,5;0;0;5,25;0;0;0;4210740;4194304;0;1024;1024;1;16;16;1;1;4,928;514,617;7,19;6,81;9,12;4
5,25;4125;1;0;0;4125;39,5;0;0;5,25;0;0;0;16810036;16777216;0;2048;2048;1;16;16;1;1;4,933;515,121;17,32;14,48;26,10;4
8,75;11875;1;0;0;11875;97,5;0;0;8,75;0;0;0;18596;16384;0;64;64;1;16;16;1;1;11,417;1390,509;3,69;3,59;3,66;4
8,75;11875;1;0;0;11875;97,5;0;0;8,75;0;0;0;69796;65536;0;128;128;1;16;16;1;1;11,804;1437,650;3,54;3,57;3,60;4
8,75;11875;1;0;0;11875;97,5;0;0;8,75;0;0;0;270500;262144;0;256;256;1;16;16;1;1;11,996;1461,088;4,03;3,97;4,63;4
8,75;11875;1;0;0;11875;97,5;0;0;8,75;0;0;0;1065124;1048576;0;512;512;1;16;16;1;1;12,092;1472,754;5,03;5,96;6,42;4
8,75;11875;1;0;0;11875;97,5;0;0;8,75;0;0;0;4227236;4194304;0;1024;1024;1;16;16;1;1;12,140;1478,570;7,40;6,80;11,07;4
8,75;11875;1;0;0;11875;97,5;0;0;8,75;0;0;0;16842916;16777216;0;2048;2048;1;16;16;1;1;12,164;1481,474;18,05;13,65;29,45;4
12,25;16625;1;0;0;16625;134,5;0;0;12,25;0;0;0;19796;16384;0;64;64;1;16;16;1;1;15,227;1882,145;4,25;3,78;3,24;4
12,25;16625;1;0;0;16625;134,5;0;0;12,25;0;0;0;72020;65536;0;128;128;1;16;16;1;1;16,020;1980,168;3,74;4,45;4,05;4
12,25;16625;1;0;0;16625;134,5;0;0;12,25;0;0;0;274772;262144;0;256;256;1;16;16;1;1;16,417;2029,249;4,53;4,03;4,53;4
12,25;16625;1;0;0;16625;134,5;0;0;12,25;0;0;0;1073492;1048576;0;512;512;1;16;16;1;1;16,615;2053,725;5,65;5,04;7,66;4
12,25;16625;1;0;0;16625;134,5;0;0;12,25;0;0;0;4243796;4194304;0;1024;1024;1;16;16;1;1;16,714;2065,936;7,11;6,98;16,08;4
12,25;16625;1;0;0;16625;134,5;0;0;12,25;0;0;0;16875860;16777216;0;2048;2048;1;16;16;1;1;16,763;2072,034;15,34;15,25;57,14;4
15,75;30375;1;0;0;30375;234,5;0;0;15,75;0;0;0;21060;16384;0;64;64;1;16;16;1;1;25,652;3322,722;3,89;3,96;4,03;4
15,75;30375;1;0;0;30375;234,5;0;0;15,75;0;0;0;74308;65536;0;128;128;1;16;16;1;1;27,474;3558,708;3,83;4,77;4,21;4
15,75;30375;1;0;0;30375;234,5;0;0;15,75;0;0;0;279108;262144;0;256;256;1;16;16;1;1;28,394;3677,873;4,37;4,73;4,45;4
15,75;30375;1;0;0;30375;234,5;0;0;15,75;0;0;0;1081924;1048576;0;512;512;1;16;16;1;1;28,854;3737,444;4,65;4,82;7,16;4
15,75;30375;1;0;0;30375;234,5;0;0;15,75;0;0;0;4260420;4194304;0;1024;1024;1;16;16;1;1;29,083;3767,183;6,72;7,14;17,05;4
15,75;30375;1;0;0;30375;234,5;0;0;15,75;0;0;0;16908868;16777216;0;2048;2048;1;16;16;1;1;29,198;3782,036;14,86;15,41;50,85;4
19,25;37125;1;0;0;37125;285,5;0;0;19,25;0;0;0;22388;16384;0;64;64;1;16;16;1;1;30,161;3922,006;3,62;3,80;3,28;4
19,25;37125;1;0;0;37125;285,5;0;0;19,25;0;0;0;76660;65536;0;128;128;1;16;16;1;1;32,896;4277,589;4,36;4,56;4,44;4
19,25;37125;1;0;0;37125;285,5;0;0;19,25;0;0;0;283508;262144;0;256;256;1;16;16;1;1;34,290;4458,930;4,10;4,23;6,47;4
19,25;37125;1;0;0;37125;285,5;0;0;19,25;0;0;0;1090420;1048576;0;512;512;1;16;16;1;1;34,989;4549,843;5,15;6,17;9,30;4
19,25;37125;1;0;0;37125;285,5;0;0;19,25;0;0;0;4277108;4194304;0;1024;1024;1;16;16;1;1;35,339;4595,265;7,43;7,94;26,51;4
19,25;37125;1;0;0;37125;285,5;0;0;19,25;0;0;0;16941940;16777216;0;2048;2048;1;16;16;1;1;35,513;4617,955;15,10;19,72;91,34;4
22,75;56875;1;0;0;56875;427,5;0;0;22,75;0;0;0;23780;16384;0;64;64;1;16;16;1;1;43,597;5800,219;3,84;4,30;3,54;4
22,75;56875;1;0;0;56875;427,5;0;0;22,75;0;0;0;79076;65536;0;128;128;1;16;16;1;1;48,434;6443,725;3,81;4,53;4,20;4
22,75;56875;1;0;0;56875;427,5;0;0;22,75;0;0;0;287972;262144;0;256;256;1;16;16;1;1;50,929;6775,589;4,77;4,35;5,60;4
22,75;56875;1;0;0;56875;427,5;0;0;22,75;0;0;0;1098980;1048576;0;512;512;1;16;16;1;1;52,183;6942,515;5,48;6,46;10,73;4
22,75;56875;1;0;0;56875;427,5;0;0;22,75;0;0;0;4293860;4194304;0;1024;1024;1;16;16;1;1;52,811;7025,991;7,58;8,30;25,24;4
22,75;56875;1;0;0;56875;427,5;0;0;22,75;0;0;0;16975076;16777216;0;2048;2048;1;16;16;1;1;53,124;7067,699;15,28;18,60;89,65;4
26,25;65625;1;0;0;65625;492,5;0;0;26,25;0;0;0;25236;16384;0;64;64;1;16;16;1;1;48,469;6458,433;3,88;3,78;3,67;4
26,25;65625;1;0;0;65625;492,5;0;0;26,25;0;0;0;81556;65536;0;128;128;1;16;16;1;1;54,858;7309,711;3,35;3,93;4,12;4
26,25;65625;1;0;0;65625;492,5;0;0;26,25;0;0;0;292500;262144;0;256;256;1;16;16;1;1;58,193;7754,163;4,95;4,61;6,95;4
26,25;65625;1;0;0;65625;492,5;0;0;26,25;0;0;0;1107604;1048576;0;512;512;1;16;16;1;1;59,877;7978,555;4,79;6,49;13,33;4
26,25;65625;1;0;0;65625;492,5;0;0;26,25;0;0;0;4310676;4194304;0;1024;1024;1;16;16;1;1;60,720;8090,883;7,65;9,22;38,97;4
26,25;65625;1;0;0;65625;492,5;0;0;26,25;0;0;0;17008276;16777216;0;2048;2048;1;16;16;1;1;61,141;8147,024;15,95;30,04;142,07;4
29,75;91375;1;0;0;91375;676,5;0;0;29,75;0;0;0;26756;16384;0;64;64;1;16;16;1;1;64,231;8675,753;3,78;4,71;3,63;4
29,75;91375;1;0;0;91375;676,5;0;0;29,75;0;0;0;84100;65536;0;128;128;1;16;16;1;1;74,072;10004,865;4,11;4,18;5,31;4
29,75;91375;1;0;0;91375;676,5;0;0;29,75;0;0;0;297092;262144;0;256;256;1;16;16;1;1;79,278;10708,095;4,33;5,21;6,30;4
29,75;91375;1;0;0;91375;676,5;0;0;29,75;0;0;0;1116292;1048576;0;512;512;1;16;16;1;1;81,917;11064,604;5,14;5,70;12,52;4
29,75;91375;1;0;0;91375;676,5;0;0;29,75;0;0;0;4327556;4194304;0;1024;1024;1;16;16;1;1;83,240;11243,277;6,95;9,86;39,60;4
29,75;91375;1;0;0;91375;676,5;0;0;29,75;0;0;0;17041540;16777216;0;2048;2048;1;16;16;1;1;83,902;11332,603;16,11;31,36;133,88;4
33,25;102125;1;0;0;102125;755,5;0;0;33,25;0;0;0;28340;16384;0;64;64;1;16;16;1;1;69,192;9353,010;4,16;4,13;3,72;4
33,25;102125;1;0;0;102125;755,5;0;0;33,25;0;0;0;86708;65536;0;128;128;1;16;16;1;1;81,304;10990,358;4,62;4,75;4,28;4
33,25;102125;1;0;0;102125;755,5;0;0;33,25;0;0;0;301748;262144;0;256;256;1;16;16;1;1;87,805;11869,053;4,78;5,49;7,91;4
33,25;102125;1;0;0;102125;755,5;0;0;33,25;0;0;0;1125044;1048576;0;512;512;1;16;16;1;1;91,115;12316,530;5,06;10,70;17,13;4
33,25;102125;1;0;0;102125;755,5;0;0;33,25;0;0;0;4344500;4194304;0;1024;1024;1;16;16;1;1;92,776;12541,080;8,00;32,83;53,73;4
33,25;102125;1;0;0;102125;755,5;0;0;33,25;0;0;0;17074868;16777216;0;2048;2048;1;16;16;1;1;93,607;12653,380;21,36;106,84;204,12;4
2;0,5;0,5;0,5;0,5;0;9;0;0;3;0;0;0;16384;16384;1088;64;64;1;16;16;1;1;1,125;0,063;3,77;3,79;4,38;5
2;0,5;0,5;0,5;0,5;0;9;0;0;3;0;0;0;65536;65536;1088;128;128;1;16;16;1;1;1,125;0,063;4,99;3,90;3,24;5
2;0,5;0,5;0,5;0,5;0;9;0;0;3;0;0;0;147456;147456;1088;192;192;1;16;16;1;1;1,125;0,063;3,90;4,24;3,37;5
2;0,5;0,5;0,5;0,5;0;9;0;0;3;0;0;0;262144;262144;1088;256;256;1;16;16;1;1;1,125;0,063;3,86;4,30;4,11;5
2;0,5;0,5;0,5;0,5;0;9;0;0;3;0;0;0;409600;409600;1088;320;320;1;16;16;1;1;1,125;0,063;3,80;4,23;4,50;5
2;0,5;0,5;0,5;0,5;0;9;0;0;3;0;0;0;589824;589824;1088;384;384;1;16;16;1;1;1,125;0,063;4,41;4,02;5,38;5
2;0,5;0,5;0,5;0,5;0;9;0;0;3;0;0;0;802816;802816;1088;448;448;1;16;16;1;1;1,125;0,063;3,97;4,47;6,33;5
2;0,5;0,5;0,5;0,5;0;9;0;0;3;0;0;0;1048576;1048576;1088;512;512;1;16;16;1;1;1,125;0,063;4,37;4,55;7,59;5
2;0,5;0,5;0,5;0,5;0;9;0;0;3;0;0;0;1327104;1327104;1088;576;576;1;16;16;1;1;1,125;0,063;4,51;5,13;8,09;5
2;0,5;0,5;0,5;0,5;0;9;0;0;3;0;0;0;1638400;1638400;1088;640;640;1;16;16;1;1;1,125;0,063;4,74;5,38;9,16;5
2;0,5;0,5;0,5;0,5;0;9;0;0;3;0;0;0;1982464;1982464;1088;704;704;1;16;16;1;1;1,125;0,063;5,41;5,99;10,09;5
2;0,5;0,5;0,5;0,5;0;9;0;0;3;0;0;0;2359296;2359296;1088;768;768;1;16;16;1;1;1,125;0,063;5,79;6,07;11,37;5
2;0,5;0,5;0,5;0,5;0;9;0;0;3;0;0;0;2768896;2768896;1088;832;832;1;16;16;1;1;1,125;0,063;5,96;6,73;13,06;5
2;0,5;0,5;0,5;0,5;0;9;0;0;3;0;0;0;3211264;3211264;1088;896;896;1;16;16;1;1;1,125;0,063;6,51;7,17;14,04;5
2;0,5;0,5;0,5;0,5;0;9;0;0;3;0;0;0;3686400;3686400;1088;960;960;1;16;16;1;1;1,125;0,063;7,11;7,68;16,50;5
2;0,5;0,5;0,5;0,5;0;9;0;0;3;0;0;0;4194304;4194304;1088;1024;1024;1;16;16;1;1;1,125;0,063;7,99;8,18;16,62;5
2;0,5;0,5;0,5;0,5;0;9;0;0;3;0;0;0;4734976;4734976;1088;1088;1088;1;16;16;1;1;1,125;0,063;8,10;8,45;20,07;5
2;0,5;0,5;0,5;0,5;0;9;0;0;3;0;0;0;5308416;5308416;1088;1152;1152;1;16;16;1;1;1,125;0,063;8,75;9,07;20,21;5
2;0,5;0,5;0,5;0,5;0;9;0;0;3;0;0;0;5914624;5914624;1088;1216;1216;1;16;16;1;1;1,125;0,063;9,12;9,77;22,85;5
2;0,5;0,5;0,5;0,5;0;9;0;0;3;0;0;0;6553600;6553600;1088;1280;1280;1;16;16;1;1;1,125;0,063;9,93;10,44;24,42;5
2;0,5;0,5;0,5;0,5;0;9;0;0;3;0;0;0;7225344;7225344;1088;1344;1344;1;16;16;1;1;1,125;0,063;10,11;11,26;26,43;5
2;0,5;0,5;0,5;0,5;0;9;0;0;3;0;0;0;7929856;7929856;1088;1408;1408;1;16;16;1;1;1,125;0,063;10,87;12,24;27,77;5
2;0,5;0,5;0,5;0,5;0;9;0;0;3;0;0;0;8667136;8667136;1088;1472;1472;1;16;16;1;1;1,125;0,063;11,42;12,73;32,36;5
2;0,5;0,5;0,5;0,5;0;9;0;0;3;0;0;0;9437184;9437184;1088;1536;1536;1;16;16;1;1;1,125;0,063;13,66;13,62;32,83;5
2;0,5;0,5;0,5;0,5;0;9;0;0;3;0;0;0;10240000;10240000;1088;1600;1600;1;16;16;1;1;1,125;0,063;12,83;14,74;37,01;5
2;0,5;0,5;0,5;0,5;0;9;0;0;3;0;0;0;11075584;11075584;1088;1664;1664;1;16;16;1;1;1,125;0,063;13,76;15,24;38,36;5
2;0,5;0,5;0,5;0,5;0;9;0;0;3;0;0;0;11943936;11943936;1088;1728;1728;1;16;16;1;1;1,125;0,063;14,49;16,44;40,93;5
2;0,5;0,5;0,5;0,5;0;9;0;0;3;0;0;0;12845056;12845056;1088;1792;1792;1;16;16;1;1;1,125;0,063;16,10;16,95;43,35;5
2;0,5;0,5;0,5;0,5;0;9;0;0;3;0;0;0;13778944;13778944;1088;1856;1856;1;16;16;1;1;1,125;0,063;15,94;18,46;48,21;5
2;0,5;0,5;0,5;0,5;0;9;0;0;3;0;0;0;14745600;14745600;1088;1920;1920;1;16;16;1;1;1,125;0,063;17,00;18,92;51,24;5
2;0,5;0,5;0,5;0,5;0;9;0;0;3;0;0;0;15745024;15745024;1088;1984;1984;1;16;16;1;1;1,125;0,063;17,73;20,47;53,84;5
2;0,5;0,5;0,5;0,5;0;9;0;0;3;0;0;0;16777216;16777216;1088;2048;2048;1;16;16;1;1;1,125;0,063;23,47;20,74;56,69;5
2;0,5;0,5;0,5;0,5;0;9;0;0;3;0;0;0;17842176;17842176;1088;2112;2112;1;16;16;1;1;1,125;0,063;19,75;23,01;61,45;5
2;0,5;0,5;0,5;0,5;0;9;0;0;3;0;0;0;18939904;18939904;1088;2176;2176;1;16;16;1;1;1,125;0,063;20,90;23,44;64,26;5
2;0,5;0,5;0,5;0,5;0;9;0;0;3;0;0;0;20070400;20070400;1088;2240;2240;1;16;16;1;1;1,125;0,063;21,39;25,57;67,41;5
2;0,5;0,5;0,5;0,5;0;9;0;0;3;0;0;0;21233664;21233664;1088;2304;2304;1;16;16;1;1;1,125;0,063;24,17;25,83;70,83;5
2;0,5;0,5;0,5;0,5;0;9;0;0;3;0;0;0;22429696;22429696;1088;2368;2368;1;16;16;1;1;1,125;0,063;23,51;27,48;74,80;5
2;0,5;0,5;0,5;0,5;0;9;0;0;3;0;0;0;23658496;23658496;1088;2432;2432;1;16;16;1;1;1,125;0,063;25,29;28,96;79,77;5
2;0,5;0,5;0,5;0,5;0;9;0;0;3;0;0;0;24920064;24920064;1088;2496;2496;1;16;16;1;1;1,125;0,063;25,56;30,50;84,53;5
2;0,5;0,5;0,5;0,5;0;9;0;0;3;0;0;0;26214400;26214400;1088;2560;2560;1;16;16;1;1;1,125;0,063;29,65;30,74;86,64;5
2;0,5;0,5;0,5;0,5;0;9;0;0;3;0;0;0;27541504;27541504;1088;2624;2624;1;16;16;1;1;1,125;0,063;27,78;33,01;91,92;5
2;0,5;0,5;0,5;0,5;0;9;0;0;3;0;0;0;28901376;28901376;1088;2688;2688;1;16;16;1;1;1,125;0,063;29,38;33,80;96,27;5
2;0,5;0,5;0,5;0,5;0;9;0;0;3;0;0;0;30294016;30294016;1088;2752;2752;1;16;16;1;1;1,125;0,063;30,22;35,84;100,78;5
2;0,5;0,5;0,5;0,5;0;9;0;0;3;0;0;0;31719424;31719424;1088;2816;2816;1;16;16;1;1;1,125;0,063;25,99;36,40;105,02;5
2;0,5;0,5;0,5;0,5;0;9;0;0;3;0;0;0;33177600;33177600;1088;2880;2880;1;16;16;1;1;1,125;0,063;32,81;39,18;111,41;5
2;0,5;0,5;0,5;0,5;0;9;0;0;3;0;0;0;34668544;34668544;1088;2944;2944;1;16;16;1;1;1,125;0,063;28,34;44,59;114,78;5
2;0,5;0,5;0,5;0,5;0;9;0;0;3;0;0;0;36192256;36192256;1088;3008;3008;1;16;16;1;1;1,125;0,063;28,33;47,58;123,04;5
2;0,5;0,5;0,5;0,5;0;9;0;0;3;0;0;0;37748736;37748736;1088;3072;3072;1;16;16;1;1;1,125;0,063;31,93;46,94;123,28;5
2;0,5;0,5;0,5;0,5;0;9;0;0;3;0;0;0;39337984;39337984;1088;3136;3136;1;16;16;1;1;1,125;0,063;30,53;51,08;132,25;5
2;0,5;0,5;0,5;0,5;0;9;0;0;3;0;0;0;40960000;40960000;1088;3200;3200;1;16;16;1;1;1,125;0,063;36,69;53,12;134,89;5
2;0,5;0,5;0,5;0,5;0;9;0;0;3;0;0;0;42614784;42614784;1088;3264;3264;1;16;16;1;1;1,125;0,063;37,25;54,79;142,36;5
2;0,5;0,5;0,5;0,5;0;9;0;0;3;0;0;0;44302336;44302336;1088;3328;3328;1;16;16;1;1;1,125;0,063;54,91;55,87;145,08;5
2;0,5;0,5;0,5;0,5;0;9;0;0;3;0;0;0;46022656;46022656;1088;3392;3392;1;16;16;1;1;1,125;0,063;36,82;59,32;152,56;5
2;0,5;0,5;0,5;0,5;0;9;0;0;3;0;0;0;47775744;47775744;1088;3456;3456;1;16;16;1;1;1,125;0,063;37,07;61,58;156,09;5
2;0,5;0,5;0,5;0,5;0;9;0;0;3;0;0;0;49561600;49561600;1088;3520;3520;1;16;16;1;1;1,125;0,063;37,22;62,45;165,39;5
2;0,5;0,5;0,5;0,5;0;9;0;0;3;0;0;0;51380224;51380224;1088;3584;3584;1;16;16;1;1;1,125;0,063;42,57;64,27;166,65;5
2;0,5;0,5;0,5;0,5;0;9;0;0;3;0;0;0;53231616;53231616;1088;3648;3648;1;16;16;1;1;1,125;0,063;40,40;70,13;175,44;5
2;0,5;0,5;0,5;0,5;0;9;0;0;3;0;0;0;55115776;55115776;1088;3712;3712;1;16;16;1;1;1,125;0,063;42,51;71,94;179,46;5
2;0,5;0,5;0,5;0,5;0;9;0;0;3;0;0;0;57032704;57032704;1088;3776;3776;1;16;16;1;1;1,125;0,063;42,89;74,34;188,81;5
2;0,5;0,5;0,5;0,5;0;9;0;0;3;0;0;0;58982400;58982400;1088;3840;3840;1;16;16;1;1;1,125;0,063;44,89;74,19;195,50;5
2;0,5;0,5;0,5;0,5;0;9;0;0;3;0;0;0;60964864;60964864;1088;3904;3904;1;16;16;1;1;1,125;0,063;45,33;77,71;199,40;5
2;0,5;0,5;0,5;0,5;0;9;0;0;3;0;0;0;62980096;62980096;1088;3968;3968;1;16;16;1;1;1,125;0,063;47,42;78,64;206,12;5
2;0,5;0,5;0,5;0,5;0;9;0;0;3;0;0;0;65028096;65028096;1088;4032;4032;1;16;16;1;1;1,125;0,063;47,42;81,86;216,07;5
2;0,5;0,5;0,5;0,5;0;9;0;0;3;0;0;0;67108864;67108864;1088;4096;4096;1;16;16;1;1;1,125;0,063;65,63;91,24;220,26;5
0;64;1;0;0;0;128;0;0;0;0;0;0;16384;256;0;64;1;1;64;1;1;1;0,492;0,246;1,80;1,68;1,12;6
0;128;1;0;0;0;256;0;0;0;0;0;0;65536;512;0;128;1;1;64;1;1;1;0,496;0,248;1,96;1,74;1,29;6
0;192;1;0;0;0;384;0;0;0;0;0;0;147456;768;0;192;1;1;64;1;1;1;0,497;0,249;2,20;1,91;1,36;6
0;256;1;0;0;0;512;0;0;0;0;0;0;262144;1024;0;256;1;1;64;1;1;1;0,498;0,249;2,27;1,88;1,27;6
0;320;1;0;0;0;640;0;0;0;0;0;0;409600;1280;0;320;1;1;64;1;1;1;0,498;0,249;2,48;1,97;1,33;6
0;384;1;0;0;0;768;0;0;0;0;0;0;589824;1536;0;384;1;1;64;1;1;1;0,499;0,249;2,62;2,30;1,42;6
0;448;1;0;0;0;896;0;0;0;0;0;0;802816;1792;0;448;1;1;64;1;1;1;0,499;0,249;2,82;2,34;1,51;6
0;512;1;0;0;0;1024;0;0;0;0;0;0;1048576;2048;0;512;1;1;64;1;1;1;0,499;0,250;2,78;2,43;1,51;6
0;576;1;0;0;0;1152;0;0;0;0;0;0;1327104;2304;0;576;1;1;64;1;1;1;0,499;0,250;2,99;2,48;1,56;6
0;640;1;0;0;0;1280;0;0;0;0;0;0;1638400;2560;0;640;1;1;64;1;1;1;0,499;0,250;3,16;2,86;1,85;6
0;704;1;0;0;0;1408;0;0;0;0;0;0;1982464;2816;0;704;1;1;64;1;1;1;0,499;0,250;3,18;2,74;1,78;6
0;768;1;0;0;0;1536;0;0;0;0;0;0;2359296;3072;0;768;1;1;64;1;1;1;0,499;0,250;3,34;3,16;1,90;6
0;832;1;0;0;0;1664;0;0;0;0;0;0;2768896;3328;0;832;1;1;64;1;1;1;0,499;0,250;3,41;3,14;1,96;6
0;896;1;0;0;0;1792;0;0;0;0;0;0;3211264;3584;0;896;1;1;64;1;1;1;0,499;0,250;3,59;3,62;2,01;6
0;960;1;0;0;0;1920;0;0;0;0;0;0;3686400;3840;0;960;1;1;64;1;1;1;0,499;0,250;3,79;3,57;2,11;6
0;1024;1;0;0;0;2048;0;0;0;0;0;0;4194304;4096;0;1024;1;1;64;1;1;1;0,500;0,250;4,07;4,31;2,21;6
0;1088;1;0;0;0;2176;0;0;0;0;0;0;4734976;4352;0;1088;1;1;64;1;1;1;0,500;0,250;4,31;4,06;2,47;6
0;1152;1;0;0;0;2304;0;0;0;0;0;0;5308416;4608;0;1152;1;1;64;1;1;1;0,500;0,250;4,45;5,32;2,41;6
0;1216;1;0;0;0;2432;0;0;0;0;0;0;5914624;4864;0;1216;1;1;64;1;1;1;0,500;0,250;4,69;4,56;2,47;6
0;1280;1;0;0;0;2560;0;0;0;0;0;0;6553600;5120;0;1280;1;1;64;1;1;1;0,500;0,250;5,01;6,02;2,45;6
0;1344;1;0;0;0;2688;0;0;0;0;0;0;7225344;5376;0;1344;1;1;64;1;1;1;0,500;0,250;5,26;5,18;2,61;6
0;1408;1;0;0;0;2816;0;0;0;0;0;0;7929856;5632;0;1408;1;1;64;1;1;1;0,500;0,250;5,59;7,78;2,67;6
0;1472;1;0;0;0;2944;0;0;0;0;0;0;8667136;5888;0;1472;1;1;64;1;1;1;0,500;0,250;5,90;6,05;2,91;6
0;1536;1;0;0;0;3072;0;0;0;0;0;0;9437184;6144;0;1536;1;1;64;1;1;1;0,500;0,250;6,29;13,33;2,76;6
0;1600;1;0;0;0;3200;0;0;0;0;0;0;10240000;6400;0;1600;1;1;64;1;1;1;0,500;0,250;6,57;6,71;2,99;6
0;1664;1;0;0;0;3328;0;0;0;0;0;0;11075584;6656;0;1664;1;1;64;1;1;1;0,500;0,250;6,95;12,07;3,05;6
0;1728;1;0;0;0;3456;0;0;0;0;0;0;11943936;6912;0;1728;1;1;64;1;1;1;0,500;0,250;7,25;7,55;3,23;6
0;1792;1;0;0;0;3584;0;0;0;0;0;0;12845056;7168;0;1792;1;1;64;1;1;1;0,500;0,250;7,72;16,29;3,29;6
0;1856;1;0;0;0;3712;0;0;0;0;0;0;13778944;7424;0;1856;1;1;64;1;1;1;0,500;0,250;8,14;8,59;3,40;6
0;1920;1;0;0;0;3840;0;0;0;0;0;0;14745600;7680;0;1920;1;1;64;1;1;1;0,500;0,250;8,54;29,89;3,52;6
0;1984;1;0;0;0;3968;0;0;0;0;0;0;15745024;7936;0;1984;1;1;64;1;1;1;0,500;0,250;8,97;10,00;3,78;6
0;2048;1;0;0;0;4096;0;0;0;0;0;0;16777216;8192;0;2048;1;1;64;1;1;1;0,500;0,250;9,61;23,68;3,71;6
0;64;1;0;0;0;128;0;0;0;0;0;0;16384;256;0;64;1;1;64;1;1;1;0,492;0,246;2,00;1,78;1,21;7
0;128;1;0;0;0;256;0;0;0;0;0;0;65536;512;0;128;1;1;64;1;1;1;0,496;0,248;2,43;1,79;1,39;7
0;192;1;0;0;0;384;0;0;0;0;0;0;147456;768;0;192;1;1;64;1;1;1;0,497;0,249;2,67;1,84;1,31;7
0;256;1;0;0;0;512;0;0;0;0;0;0;262144;1024;0;256;1;1;64;1;1;1;0,498;0,249;2,85;2,12;1,48;7
0;320;1;0;0;0;640;0;0;0;0;0;0;409600;1280;0;320;1;1;64;1;1;1;0,498;0,249;3,01;2,34;1,35;7
0;384;1;0;0;0;768;0;0;0;0;0;0;589824;1536;0;384;1;1;64;1;1;1;0,499;0,249;3,24;2,43;1,59;7
0;448;1;0;0;0;896;0;0;0;0;0;0;802816;1792;0;448;1;1;64;1;1;1;0,499;0,249;3,39;2,56;1,56;7
0;512;1;0;0;0;1024;0;0;0;0;0;0;1048576;2048;0;512;1;1;64;1;1;1;0,499;0,250;3,53;2,57;1,70;7
0;576;1;0;0;0;1152;0;0;0;0;0;0;1327104;2304;0;576;1;1;64;1;1;1;0,499;0,250;3,74;2,62;1,74;7
0;640;1;0;0;0;1280;0;0;0;0;0;0;1638400;2560;0;640;1;1;64;1;1;1;0,499;0,250;4,03;2,83;1,95;7
0;704;1;0;0;0;1408;0;0;0;0;0;0;1982464;2816;0;704;1;1;64;1;1;1;0,499;0,250;4,02;2,87;1,96;7
0;768;1;0;0;0;1536;0;0;0;0;0;0;2359296;3072;0;768;1;1;64;1;1;1;0,499;0,250;4,35;2,97;2,18;7
0;832;1;0;0;0;1664;0;0;0;0;0;0;2768896;3328;0;832;1;1;64;1;1;1;0,499;0,250;4,47;3,16;2,41;7
0;896;1;0;0;0;1792;0;0;0;0;0;0;3211264;3584;0;896;1;1;64;1;1;1;0,499;0,250;4,65;3,21;2,56;7
0;960;1;0;0;0;1920;0;0;0;0;0;0;3686400;3840;0;960;1;1;64;1;1;1;0,499;0,250;4,96;3,30;3,00;7
0;1024;1;0;0;0;2048;0;0;0;0;0;0;4194304;4096;0;1024;1;1;64;1;1;1;0,500;0,250;5,20;3,48;11,85;7
0;1088;1;0;0;0;2176;0;0;0;0;0;0;4734976;4352;0;1088;1;1;64;1;1;1;0,500;0,250;5,29;3,61;4,53;7
0;1152;1;0;0;0;2304;0;0;0;0;0;0;5308416;4608;0;1152;1;1;64;1;1;1;0,500;0,250;5,58;3,72;5,12;7
0;1216;1;0;0;0;2432;0;0;0;0;0;0;5914624;4864;0;1216;1;1;64;1;1;1;0,500;0,250;5,84;3,96;5,63;7
0;1280;1;0;0;0;2560;0;0;0;0;0;0;6553600;5120;0;1280;1;1;64;1;1;1;0,500;0,250;6,11;4,13;6,02;7
0;1344;1;0;0;0;2688;0;0;0;0;0;0;7225344;5376;0;1344;1;1;64;1;1;1;0,500;0,250;6,51;4,39;6,48;7
0;1408;1;0;0;0;2816;0;0;0;0;0;0;7929856;5632;0;1408;1;1;64;1;1;1;0,500;0,250;6,48;4,53;6,95;7
0;1472;1;0;0;0;2944;0;0;0;0;0;0;8667136;5888;0;1472;1;1;64;1;1;1;0,500;0,250;6,70;4,72;7,44;7
0;1536;1;0;0;0;3072;0;0;0;0;0;0;9437184;6144;0;1536;1;1;64;1;1;1;0,500;0,250;7,01;4,96;22,20;7
0;1600;1;0;0;0;3200;0;0;0;0;0;0;10240000;6400;0;1600;1;1;64;1;1;1;0,500;0,250;7,28;5,19;8,53;7
0;1664;1;0;0;0;3328;0;0;0;0;0;0;11075584;6656;0;1664;1;1;64;1;1;1;0,500;0,250;7,60;5,50;9,12;7
0;1728;1;0;0;0;3456;0;0;0;0;0;0;11943936;6912;0;1728;1;1;64;1;1;1;0,500;0,250;7,84;5,71;9,65;7
0;1792;1;0;0;0;3584;0;0;0;0;0;0;12845056;7168;0;1792;1;1;64;1;1;1;0,500;0,250;8,27;6,04;10,38;7
0;1856;1;0;0;0;3712;0;0;0;0;0;0;13778944;7424;0;1856;1;1;64;1;1;1;0,500;0,250;8,55;6,26;10,87;7
0;1920;1;0;0;0;3840;0;0;0;0;0;0;14745600;7680;0;1920;1;1;64;1;1;1;0,500;0,250;8,98;6,67;11,80;7
0;1984;1;0;0;0;3968;0;0;0;0;0;0;15745024;7936;0;1984;1;1;64;1;1;1;0,500;0,250;9,43;6,88;12,21;7
0;2048;1;0;0;0;4096;0;0;0;0;0;0;16777216;8192;0;2048;1;1;64;1;1;1;0,500;0,250;9,94;7,15;47,63;7